F_UserName,F_nIdx,T_UserName,T_nIdx
祎只狸猫,2795,,
邮一棵草莓i,2790,,
kmimg7,2789,,
小祀弟弟吖,2783,,
不知道如何评价,2792,,
Tawil-at_Umr,2276,,
我原来就是小黑子,1292,,
罗小黑本喵_,1981,,
沐北零,2334,,
136658305jkly,980,,
c跳跳呀,1337,,
浦镇做题家,2774,,
逗你逗你2014,1389,,
寂月海200007,2798,,
iYaF-,487,,
阿七有病b,2788,,
派大星变美乃滋,1400,,
亚修·,1883,,
EJoachim,2793,,
盛夏遲暮澤,2132,,
盛夏薇澜,107,,
品咕咕,1908,,
慕夏明黎,2787,,
温迪大人没有在摸鱼,2615,,
喜欢你的木乃伊,1942,,
亚修·,1883,,
AlanTuringfan_vcfake,2770,,
提尔乌斯,1,,
东京最慢传说被毒死的土豆服务器,2295,,
蠢萌萌66,2775,,
港莲湾居士,2777,,
马甲49056,2682,,
skytree百沫,2068,,
连哄带蒙不要脸,332,,
印第安老斑鳩鳩,669,,
血腥来袭2018,2514,,
非洲雷姆,2648,,
sven1207,2645,,
晨夌,2271,,
沙雕乌龙茶茶,2608,,
墨染无颜,2776,,
RAOOOOOO豹,846,,
Eternal心晗11203,2674,,
-iLan,2374,,
猫某人f,2397,,
养老养老没头发了,2771,,
快乐少年亚索,1459,,
北原滝,2220,,
红鲤鱼与绿鲤鱼与驴--233,1561,,
星空下的特图,2725,,
凉宫呆唯,2583,,
废宅臭打游戏的不会懂人间温柔,1305,,
柳小枫666,1696,,
幽远tom,1784,,
乐酷烤鱼Lucky,2458,,
猪屁味冬瓜茶,2545,,
让我成为自己的锚,15,,
眠悠然,1914,,
苟殉,1745,,
卖火柴的小男孩9160,1691,,
让我成为自己的锚,15,,
可怕的喵2333,1273,,
身在人间的阿叶,2769,,
墨色鹤望兰,2589,,
小朱老師有墨水,856,,
sven1207,2645,,
斗鱼大明星梦想,2222,,
让我成为自己的锚,15,,
有一种云vvv,1151,,
PC端的炮灰战士,1361,,
PC端的炮灰战士,1361,,
PC端的炮灰战士,1361,,
PC端的炮灰战士,1361,,
PC端的炮灰战士,1361,,
让我成为自己的锚,15,,
阿离没有伞3,1894,,
晚喵L,2767,,
话叨不嗦,2115,,
提尔乌斯,1,,
FallingSternenstaub30637,2581,,
假面之月,2609,,
火焰15710,1341,,
真呼名子,368,,
暗金之鸦,2067,,
你可拉倒吧的家,2424,,
快乐少年亚索,1459,,
洛斯里克的活尸,2293,,
斯卡布萝,2699,,
玄幻天米,2493,,
祈---s,2320,,
YH残次品,1992,,
释王权,2353,,
杨典侠,2742,,
降在荒原,1833,,
6大文豪6,2416,,
四方羊尊,1529,,
龙炎花火,2491,,
风中摇曳zzzas,268,,
回岸w韵,1623,,
仙御月,2392,,
白色透明玻璃胶,2760,,
龙丿月之传说_418,991,,
万里的追寻者41043,2594,,
柴俊猫16625,2678,,
小透明菜叶心,2235,,
Pixel76,215,,
阿杰杰杰杰杰丶,2064,,
暮小翊,853,,
狂兔X,1733,,
神道天穹,2248,,
元首的胖次00658,2629,,
万里的追寻者41043,2594,,
灰燕l,1805,,
鹤唳MOE,2756,,
用户6629913103,2530,,
用户6629913103,2530,,
雪染00000,2344,,
雪染00000,2344,,
雪染00000,2344,,
康师傅养生面,2487,,
白色透明玻璃胶,2760,,
三分钟的Alence,1857,,
Allanpoe黑猫,2097,,
Oyu·,1721,,
左凡GT,1357,,
随和的农铭010,2207,,
研_________永远的新人,21,,
用户ysg2kn7stw,78,,
搞怪阿毛,1335,,
嚛嗣嚛,2607,,
为你依蓝,2415,,
从心的白泽,2078,,
灵华之城,1819,,
迷眼鳴,2626,,
aicevhy,2450,,
拜拉席恩·橡木盾,2749,,
阿飘TinnedFish,433,,
6410046023_517,2351,,
雨37546,2757,,
Aiuo2018,2418,,
ToKei酱,1284,,
陌樱璃Cc,2664,,
lu_luella,399,,
安洁与庞,2012,,
-葉書,422,,
Apeirokalia-,1224,,
飞翔湖南人,2059,,
焦糖红辣椒,1492,,
焦糖红辣椒,1492,,
焦糖红辣椒,1492,,
夏天1227,54,,
尅埜,1407,,
虚空冲锋,2286,,
TaTaG,162,,
黑麒麒,2229,,
支持米哈游键盘侠不服打我,2737,,
支持米哈游键盘侠不服打我,2737,,
Kidwills,1188,,
辫辫今天画画了吗,634,,
unadertale,1521,,
海盐芝仕,2656,,
现世劫,1463,,
TowerNeya,1758,,
我门牙碎了,467,,
创世界AP57017,2506,,
痛哭的栗子88110,2755,,
ps4apex英雄代练,2121,,
消灭奥特曼的计划_,1027,,
简单复杂否,328,,
大麻烦蛋,2665,,
何其坪,350,,
猫叠单数,2662,,
猫叠单数,2662,,
NoNo纸,550,,
士多啤梨屁,890,,
小夏i22633,1977,,
DoctorDax,1713,,
杉吾史吾,1171,,
杉吾史吾,1171,,
一个满格的wifi,1851,,
Enlien丶,1866,,
袁yy06119,2122,,
inxxk236,2475,,
惊讶ghia,1081,,
成承承承承承承承,1299,,
东南亚大马猴子,604,,
白圭君,329,,
好像喝奶茶,2043,,
兔兔谈谈,2169,,
三三一L,1714,,
水无抈流歌,2421,,
逢坂英14380,2473,,
酱腌绯玉丸,1957,,
酱腌绯玉丸,1957,,
小唐Thomas,887,,
逆天围脖_,147,,
阴气阴湿阴险少女,2619,,
谜样神君,966,,
魔化铭文Tisiphone,522,,
NOBO哒,774,,
星野爱弋,2752,,
--领衔主演--,65,,
想变白的天长,648,,
刘贝贝er,1240,,
打死那个沢学家61589,2668,,
MC不好玩QAQ_772,1517,,
静谧西林,293,,
烟花飞渡似水流年61558,1626,,
Airshuaishuai,265,,
仮面ZORO,1436,,
逃跑到月球后发现,1336,,
C纯属娱乐,1507,,
兔兔谈谈,2169,,
何其坪,350,,
彼方桑-k,1198,,
阿桑奇求武器,2336,,
Mountain-E,317,,
夏日追阴,2658,,
无语PK,157,,
呦西呦YUki,2568,,
采蘑菇的我是谁1234,2021,,
银羽是画渣,1107,,
兔兔谈谈,2169,,
呵呵呵呵不了情_01,1858,,
风中摇曳zzzas,268,,
Ahtaler,2549,,
水无抈流歌,2421,,
库-丘林_Alter,1319,,
bingo4665,2322,,
风中摇曳zzzas,268,,
风中摇曳zzzas,268,,
唯爱绝殤,2366,,
Kehan_Zhang,2528,,
Rmbaci,1250,,
Rmbaci,1250,,
十玄子,2399,,
忘掉梦想的愚蠢地球人,326,,
宋氏夜型鱼,1711,,
kono呱呱岛,226,,
kono呱呱岛,226,,
冰茶_Hunter,988,,
风中摇曳zzzas,268,,
害怕眨眼睛,1610,,
咕王永不服输,2249,,
-豬咪日記-,2431,,
桃之夭夭85427,2734,,
潇章至极,2305,,
M善泽吧,2157,,
本熊与曦,1755,,
命君行道,2125,,
命君行道,2125,,
澜言heir,2484,,
风一样的小阿呆,1117,,
黄金粉皮鼠,1936,,
要不要和我扳手腕81282,2635,,
Silvercrown丶银冠,2267,,
江户川帅毛,1680,,
wjc59473,2731,,
wjc59473,2731,,
wjc59473,2731,,
wjc59473,2731,,
任胖AWSL,233,,
网友牙飞飞,2472,,
ringringhappy_666,1269,,
风中摇曳zzzas,268,,
北珂23333,2727,,
顾北青烟寒,2156,,
喵诗人nya,1906,,
Fashion你们不懂,1961,,
书上的河,1056,,
一般通过咸鱼,1603,,
社会军规二十三,111,,
麻吉麻-,1327,,
qwepoizxcmnbv,1845,,
喔闷骇行吧,1235,,
薄荷巴乔,692,,
Y口十子,7,,
想要一直开心真的是太难了,2184,,
风中摇曳zzzas,268,,
sirsirssirr,2233,,
flag之王也不想立flag,1898,,
Morgana_5,163,,
心事说给影子听_20210,2329,,
良友人_,1741,,
简直日了狗了,587,,
爱童不泯,875,,
别开腔_自己人,2145,,
本同学不喝可乐,1186,,
星殇不悔,2552,,
提尔乌斯,1,,
冰白__,974,,
米卫兵是脑瘫,628,,
U1qui0rra,1846,,
给贫道来碗酒,113,,
柳树树76,926,,
double_damn,1297,,
秋雨夜阑,2652,,
昵称6785,1724,,
QWDFRE,1323,,
你怎么可以吃猪肉,2452,,
_鄧建安,330,,
写作文的小头儿子,751,,
雨取红叶,1969,,
色图雷达启动,1460,,
黄颖的黄n黄颖的颖,325,,
元梦星,2606,,
心焰飘零,1659,,
Lawliet-罗莱特,701,,
夏桐哦i,2086,,
不会说话的拉普兰德,2724,,
林焕文201906,2728,,
手指指天脚踏地,1579,,
某某宇Lee,559,,
微笑是最好的莫样,1268,,
用户6178590069,2183,,
caijzt,2090,,
Jerrylan一直在,2325,,
土澳涛,1941,,
真的拎不清,1282,,
在的话v我10吃饭,1316,,
好运小枣呀,2118,,
昨日之GE,1787,,
lshnoodle,1191,,
SakuraTREEx,291,,
建议微博尽快倒闭,1855,,
老周叔叔啊,458,,
翔锅就是大象,16,,
神探渣康,592,,
生涯最大詛呪,2055,,
三三喵呀,1502,,
司徒夙愿,2429,,
Y寻觅觅Y,566,,
阿西墨夫,2176,,
Ltiwx,2358,,
河馬BBQ,254,,
路障桑,2492,,
_NAYO__,1072,,
把浪漫留给风,308,,
travis-B,1184,,
LA-Ho,2004,,
sex反转异装癖lesbian,1887,,
MignonNeiafu,2398,,
vocaloid丶亚北,2394,,
鱼饼干_Z,108,,
庭叔-JACK,421,,
阿B桑,655,,
START_DASH,584,,
Phobiaed,1398,,
庚酱好好吃,128,,
风语如歌wind,1828,,
大风车小火轮,1079,,
牛小洛nilo,212,,
哈库la马ta塔,768,,
洛白才不告诉你白不白,1962,,
Satune00,2110,,
LiJiaZheng0402,1950,,
坏查理,2332,,
你滴兔爷,573,,
Lawliet-罗莱特,701,,
巧克力-1771,585,,
辉夜月luna,2726,,
狐狐孤,842,,
织哦哟哟哟,2360,,
thetimeofrun,2080,,
靠Qiang站,739,,
拥抱世界37808,2634,,
吃火锅先点蛋炒饭,1010,,
鱼昧QAQ,1173,,
但你却说太遥远丶,653,,
下次还可以再见嘛,778,,
一口团子st,2127,,
叠起的滚滚,2650,,
巧克力-1771,585,,
Gerard-Way,779,,
伊藤今天也不返图,1365,,
恶魔面包201807,2517,,
能吃的香菜,1413,,
TOZZ_NextGen,84,,
zx小堕,14,,
寒凉夜梦,2539,,
restaurant张,1649,,
阿欧丝瑞,1525,,
爱TM谁谁威震天,896,,
滥用公权利无马哦,2679,,
卢本开_55挂,1380,,
零梦依晨,2544,,
天中有肆,395,,
歯車Haguruma,2051,,
狍小坑的是我,1242,,
附了魔的刺猬,724,,
哇咔咔201811,2384,,
是草草鸭ya,2632,,
YXH咸鱼,1793,,
月见梅香,1197,,
七_弹琴去吧弹自由的琴,197,,
cryyin残吟,1803,,
make_96,2230,,
非四字网友,1945,,
七号大狼狗,1354,,
旧爱201108,1753,,
扶桑桑树,824,,
长空sama,1229,,
艾茵哈特·斯崔特斯,756,,
万能小段JDuan,1552,,
START_DASH,584,,
普通Paranoia,1999,,
PlagueXXX,1340,,
苏茶茶的呆毛,1195,,
第二名太差,1937,,
十年待秋,2005,,
elpsyvam,2202,,
无情大手子,151,,
小创30,2676,,
只想吃不想胖的女子高中生,1063,,
我产品是最好的,1788,,
仿生奶盖会梦见电子拌饭嘛,1968,,
清风听雨Zz,1986,,
白水染,2641,,
pluckooo,698,,
璃喵82740,2257,,
zc_铃玖,1782,,
zc_铃玖,1782,,
雾天购雾,792,,
话很多的AV男优,2092,,
独行白夜,1738,,
迈克sssss,2049,,
迈克sssss,2049,,
东木火火火火,126,,
三壹喵,1304,,
博熊人工肝,1730,,
NickHoward,139,,
叫啥也行知道吗,1645,,
咸鱼奔雨,1878,,
庄鑫涵23839,2073,,
Super鱼香肉丝盖饭,1718,,
西楼三千院,1988,,
西楼三千院,1988,,
啃啃手sssss,1971,,
花南-,1735,,
Goaheadbb,75,,
palleed,1420,,
又懒又丑还自我感觉良好的死傲娇,2165,,
已非意中人,1427,,
就叫我亚索吧,73,,
SA口吐芬芳,437,,
_负加号,470,,
Freebee_发粪涂墙,238,,
嘬一口南瓜粥,2400,,
嘬一口南瓜粥,2400,,
D胡多多D,58,,
vegetaaaaaa_,386,,
不瞎折腾不舒服斯基,81,,
琴音是个小太陽,318,,
Rachel--LEO,1101,,
驯龙高手尹志平198102,1856,,
米斯特旺旺,274,,
RoseXGreenday,1643,,
打喷嚏的鱼丸,208,,
Arc-311,874,,
SUZA陵光,862,,
狗泽kozec,1231,,
反粒子啵,1093,,
心碎DVA,2128,,
Kotani_,810,,
十元就是一道光呀,272,,
物雾子,2717,,
物雾子,2717,,
在逃叉烧,2565,,
-椰果奶绿,1693,,
Absurdus_,519,,
Absurdus_,519,,
Absurdus_,519,,
Absurdus_,519,,
常磐森林小绿,1060,,
Absurdus_,519,,
牧雨童,27,,
ccczzzyx,1666,,
yuradesu,1707,,
yuradesu,1707,,
萧啊萧y,2526,,
莱米与卢克,1179,,
不念过去丿不惧将来,1810,,
刘森1314,955,,
竹墨尘儿,1473,,
churches12,2062,,
Style丶逐风,1052,,
筷子吹雪,2670,,
TR天雷,1767,,
雨奈鸣响,2590,,
亦小欲,2428,,
白羊莮,2533,,
长得憨厚,947,,
红豆派好吃嘛,967,,
Stone32-,719,,
本凯西C,352,,
西木可Crowe,1504,,
洁哥不要啊,2422,,
猫痣,125,,
胖次三,388,,
苹果丝蒂安Appristian,2234,,
柳树恒,992,,
蓝天上的黑云,1682,,
许慢慢比较高兴,582,,
fababaaaaa,789,,
U-N-1,2166,,
越千孤47203,1664,,
Dirk-诺维茨基,213,,
U-N-1,2166,,
爱TM谁谁威震天,896,,
陈超超c,211,,
年轻人别一言不合就立flag,1562,,
不谢的枫,1635,,
我再也不想写代码了 ,2904,,
独行白夜,1738,,
魔幻星球人,2419,,
乚巳巳卩厶匚巳,1526,,
okabun_,1501,,
Risuto,838,,
R4014N,1234,,
天勒个宇,130,,
清风听雨Zz,1986,,
你又懂了i,1222,,
氧浓空想体,2205,,
八涩诶居湄惹,2465,,
什么时候长尾巴-,89,,
麥芽狼,252,,
坑有脑子,83,,
-MilkTeatime-,2550,,
whoischris,764,,
一个巍峨的用户,2520,,
心碎DVA,2128,,
沙豆布吉岛岛主,61,,
草東街輕瘋派對,707,,
宗炜CHAN,242,,
风中的苏鲁德63895,2653,,
我当然想你啊,1394,,
月虫L月蚀,2442,,
·黑金兔兔厨·,1424,,
890鱼,871,,
XIE_______,561,,
该账户已注销多年,835,,
淦淦3478602262,1022,,
原来是江哥啊,1545,,
dang033,1454,,
还是那个皮皮呀,310,,
飯後失神P,231,,
东南亚在逃战犯,1694,,
活的2018,2448,,
MoussZ,1577,,
被宽恕的白魔,782,,
轰隆隆的乌云啊,2314,,
linuxer和笨兔兔,801,,
丹丶墨,1586,,
北蜩昵称不可用,1238,,
你这么没种怎么做我的二当家,256,,
--赛勒斯--,905,,
陪苏老师度过漫长岁月,515,,
风尘噗噗啊,1744,,
吃布洛芬挨打,1362,,
amewbaby,86,,
J_Ukiyo,64,,
千鸟一二三,2426,,
-Jh_Y,257,,
肖申克的后妈,25,,
nettaigyo熱帯魚,2019,,
戏生人主,1324,,
LucidRoyd,1952,,
万中无一的绝世高手ll,1695,,
林克林,2379,,
Rockpalette冬眠版,1871,,
林克林,2379,,
SilvermoonO_o,1054,,
变成富婆吧,1221,,
僵尸时代2277,1450,,
这是个本子花,2510,,
小北方神涯,1329,,
Calvarie游,733,,
百歌小天才,416,,
你比我胖哦,2310,,
Lost_2021,116,,
地-瓜,225,,
ZELDA_WAN,1479,,
冷了70626,2308,,
北贝95,2008,,
桃黑亭,173,,
完美的瓶子君,1759,,
喵喵喵喵小靓,181,,
可乐君_10969,2137,,
阿林LA,1183,,
关老师就是我,518,,
一·Rowan·一,705,,
Haoyun0402,612,,
_肉山小魔王-此号已废,156,,
yahaha617,1200,,
细佬b仔唔姓何,227,,
人上人下人上人下人,2410,,
BL青涩UE,475,,
脏脏麻薯,1854,,
飞翔湖南人,2059,,
·李鲤鲤·,295,,
南十川,986,,
Ohtani17,407,,
无-聊-_-,1029,,
迷路的胖哒,303,,
odd__y,448,,
人穷志短败嗨风_,1534,,
吡数自在人心,1557,,
龙武文A,2283,,
RaonLeee,2425,,
普普通通的朋友,528,,
云幕遮_,1927,,
RaonLeee,2425,,
RaonLeee,2425,,
scenery2006,2715,,
UED-TERRAN,2063,,
班西的面具,294,,
毕业生24164,2179,,
樱桃小丸子的x先生,1791,,
毕业生24164,2179,,
惭渊,2598,,
哎羊刁刁,713,,
不喜欢兄弟那叫年轻人吗,2056,,
吃饭睡觉撸豆,1047,,
ok啦桑不啦批泡,2240,,
林歌2088,1789,,
Gemdreamer·PI,1412,,
永不推箱高远遥一,1092,,
梦花彼月,893,,
涩涩bot,1181,,
啊一加一JOY,372,,
穿刺仨甲,104,,
百合磁力,1016,,
Mikami-Mika,863,,
斌__LEO,247,,
_L_z_h,289,,
十三缘_,1204,,
是你老苏,1960,,
小鸽子今天咕咕了吗,736,,
水村兔哉,1138,,
Muuucho,1983,,
ronto终于改掉了名字,331,,
--曦目--,2319,,
Zjxdrrrr,2636,,
陶里折,682,,
凌痕烟雪,1226,,
Uchida_Eugen,1255,,
番小毛,2459,,
翳云之上,1660,,
月珩空,2094,,
用户523650012,288,,
夏天小熊猫_,170,,
西北方丈助,1910,,
l_Asuka_l,41,,
悲喜交加斯麦力,880,,
Abnaq3idmos,159,,
PpPpPoP子,639,,
昵称6785,1724,,
中空骰子,408,,
不磕领悟的冰葵鸡不是好衣伞批,1834,,
不磕领悟的冰葵鸡不是好衣伞批,1834,,
_吴叫兽,80,,
家中野猫,539,,
_吴叫兽,80,,
油北小岛,1944,,
nimo在这呢,2684,,
队友马一枪就开次花,1306,,
UNDO骨次方,805,,
流布布布布,2131,,
Penguin汤汤汤汤汤汤汤汤汤汤汤,243,,
SheepishRicardo,512,,
酱奶瑭鹅,758,,
途泱,38,,
慕斯_w,1209,,
请主动隔离14天,2559,,
cccBui,2352,,
lz2010gsg,1049,,
壹棵药,1062,,
这是小孟呀,177,,
伊伊伊然_,55,,
面面鱼sy,993,,
黑夜的影子94551,1476,,
聪明一丢丢,937,,
月猫佑,255,,
EclipseSxz,1105,,
擅长摸鱼的friends,1378,,
漪贰叁肆,556,,
爱喝Dr_pepper的少年,984,,
少林不是客车,1864,,
夕暮時光,1644,,
SuGAgASA,1409,,
7777狸子果,1508,,
热带雨林阿布大人,2129,,
SentarOvO,977,,
张不开嘴-,361,,
-3Jane,2298,,
七个术,1651,,
狮子专家服装店,2052,,
一只开闭闭,85,,
X凶鸟,866,,
羊好吃,1396,,
熊拾酒,1342,,
清不完堆积滴阿锤,1001,,
成分不明Z,1616,,
Jr_Way,196,,
超和平冬子,47,,
Edition_1,1074,,
岛边无风,1307,,
Mikan_菊子君,1012,,
吨一口大柠檬茶,748,,
毂辘毂鲈,1554,,
用户6120903860,2151,,
led川4,2446,,
踏海行者,1259,,
凯伊酱被爆破了,2114,,
凡叶不会烦耶,1276,,
小相欧皇,2037,,
Kuri丶END,1458,,
奇葩也是一朵花30965,2016,,
修勾凰凰,2309,,
一只小理智e,2386,,
E1evenY_,1689,,
-一尾流鸢-,259,,
小z剑客,1578,,
漂小流,43,,
漂小流,43,,
冰别靠近18661,1991,,
Helo青蛙斗舞,1456,,
天才han4,834,,
呆毛突然翘起来了,1612,,
炉石号被盗求328东山再起,2512,,
墨风小隔阁卍,1948,,
白石麻衣亲了察,92,,
修罗卍煞神,1924,,
小町千岁,1350,,
御坂10028号,2333,,
dajskdk,1801,,
我的高木同学在哪里,2721,,
樱小路才华_,2701,,
北凉道白衣,2680,,
北凉道白衣,2680,,
依芙鱼yuyuyu,2014,,
米拉酱x,2723,,
詹尼janny,696,,
jdjdj6327195968,2282,,
风吹又日晒生活自由自在,2139,,
MelancholyZmon,445,,
天才han4,834,,
天才han4,834,,
SUNHANNIBA,1418,,
重庆Chika酱,537,,
好帅的沉沦啊,2306,,
微博抽奖平台,1602,,
-hhyyyyyy-,1560,,
墨染夜雲,1608,,
昨晚月光很美,2567,,
幻有梦现_,928,,
JARVIS-YH,1120,,
some丶mo,2537,,
糖醋SAO排骨,3627,,
迷之奇诺比奥,1073,,
亡城嗜心,1737,,
Tym沫源,1946,,
重庆Chika酱,537,,
果果同学提不起劲,886,,
能力有限Company,30,,
不会降龙十八掌的靖哥哥,689,,
Lil1mi,2074,,
Mountain韬,1331,,
Jason3zs,1912,,
犯困的枫痕阿,2660,,
假装很强的萌新,4,,
圣安地列丝,624,,
诹访神子,1021,,
呆伦Dylan_CasterRefx_UP,760,,
方山莫奈,1000,,
imbalilang,818,,
老馬只是某许人,2284,,
Aziraphale_林,1141,,
WeRjo,755,,
zzdisld,2404,,
宇哥的狗粉丝,2403,,
包卷小寻子,2551,,
提尔乌斯,1,,
御坂1998,1639,,
一身肝的兔,2543,,
上官猫夏,1769,,
EVAN_030,1207,,
绘魔贱,2199,,
林壑敛瞑色,1630,,
coco星星星冰乐,198,,
-akiiiiiiiiii-,603,,
泥鱼龙最粪,1867,,
闇黑猫,1606,,
无脑六,609,,
渐行渐近近个锤子,488,,
小悦爱吃甜食,1180,,
AmIlyIsA__GEmINI,1294,,
还是喜欢七只假爱豆,190,,
shark赛高,2538,,
狠狠的把id给,1375,,
快点多谢甘楽哥啦,185,,
一名强者,384,,
雪盖乌龙茶,1732,,
世事怎抵清宵梦境,1617,,
沈阳窦唯,2380,,
Arceus-mega,1301,,
也就那样丶丶,1103,,
qwepoizxcmnbv,1845,,
想要有只喵小,1295,,
猫的摇篮-伪物,2,,
粥八粥,1808,,
今天就是讲究人,2531,,
WeRjo,755,,
MuteANDowl,1576,,
呆头虎虎,1430,,
見光死的智障,873,,
RDJJJJJJ,1042,,
大尾拟八哥,726,,
秦岭秋风i,1625,,
正念训练学员,849,,
比赤色更红,2633,,
悠幽唐人,2040,,
林焕_然一新,2483,,
落鲸遗年,2204,,
Super王木木,580,,
玉笛褚,2065,,
花盆栽柳树谁也拦不住,3285,,
亿个糖果,2508,,
絮语风尘,1723,,
抗压吧吧务团队10086,1653,,
梦想就是这只肥鸟,671,,
炯炯有神的盲果,2081,,
炯炯有神的盲果,2081,,
嘴臭骑士V28,1266,,
_吃货萌萌哒_,2556,,
Mona-忬嵐,1839,,
风咏,133,,
萧舞,1938,,
正确的一针见血的,1905,,
-TIN-,221,,
鬼灬少女布狼牙,1889,,
cbsy85417,1469,,
公子伏虎,2393,,
大侦探J,2109,,
蜂鸣小二,700,,
zzdisld,2404,,
华紫煜hzy,2714,,
空见闻风,1722,,
JxmDY,57,,
瘦到100斤再改名吧,1669,,
HHY12015,1840,,
潼遊,2136,,
ChrisJ丶德容,1892,,
鸥洗恩,379,,
硅基狂潮,1874,,
剑魔小姐月光加冕,1762,,
李老白他她弟,1963,,
MISakamikoto20001,1414,,
白鹤行云,501,,
最喜欢大家了呢,2275,,
谁染青衣沫肆雪,1506,,
sakidoki,1210,,
梓潇想有猫,2076,,
好帅的沉沦啊,2306,,
艾薰-艾拉拉拉链,2296,,
孤鸟独帆,972,,
一条坠子,741,,
叫我夜哩,1288,,
蓝猫是尼玛,380,,
PM训练家Damian,495,,
kirito_aliez,2692,,
狼眼D,2354,,
梦世一生,2194,,
SkyForest233,687,,
赵琦先森,920,,
瓶踏沧澜,2639,,
knight-妖梦,1278,,
酒里一碗鱼,1881,,
飞天的虾族,1572,,
不如吃泡面,1358,,
念穰,1973,,
切捨y,2505,,
啊啊啊啊爵,1861,,
北冰暖羊,1783,,
GiarlDxin,39,,
monster与生活,2280,,
monster与生活,2280,,
玻色子啵啵,2694,,
空空今天养乐多了吗,5,,
道士下山泡尼姑,2460,,
什么样的昵称算可用,2177,,
Mega_Empire,1592,,
狂小鑫OvO,2238,,
十六夜小黑,1263,,
桐人·MickeyChan,299,,
桐人·MickeyChan,299,,
魔法使Yozawa,1818,,
执伞斩雨,2525,,
任胖AWSL,233,,
樱下尸骨,2432,,
爱羽之殇,1940,,
ShangDie1,2079,,
转发抽奖搜罗,1513,,
把记忆结成冰zz,114,,
温暖atatagai,2113,,
竹蜻蜓QaQ,2300,,
C子嘟噜噜噜噜噜,589,,
___屉攸___,1381,,
呆萌的Low狸,1933,,
suhgr,1823,,
KARAKA3,714,,
MSK-友人A-,44,,
Toshinmaro,52,,
雪原月,2345,,
秋庭玲奈,2534,,
Mercury_阿凉,435,,
常在瑶心,2149,,
某堡颜值担当,1975,,
Nzw_self,1740,,
猫的摇篮-伪物,2,,
浮生梦行1987,557,,
梦幻卡多希,2337,,
小猪佩奇配不起,2168,,
zfsnmxn,2013,,
MYLOLIK,2328,,
小张张志祥,74,,
萝布汩汩小屁股,615,,
悄然無聲的過客,1214,,
满舰饰v,2496,,
Wlop_ooA,2587,,
虾滑好吃happy,2464,,
黑米米米米米,723,,
景安upup,2541,,
帅帅阿伟是我,1795,,
鱼仔想想想,1187,,
鋼之月面宙反,2292,,
张大大大大奔,740,,
鋼之月面宙反,2292,,
鋼之月面宙反,2292,,
绿橙酸,543,,
RKtech,677,,
ZoCoCo_CN,1393,,
Cynicus,491,,
三分归元气少年,359,,
哀殿赛高,718,,
数据线纳豆奶奶,397,,
尬舞倾城,2119,,
megamimegumi,596,,
冰镇羊咩咩,969,,
lkx3377456,19,,
被玩坏的史莱姆夜,551,,
超级尧宝,2542,,
小欧梦见蜂蜜色的晨曦,1274,,
人间极恶_苏酒肆,1472,,
小白测平,879,,
枫之叶语I,2513,,
噗叽Oo噗叽,907,,
家住隔壁我姓王--,1542,,
出生就在罗马,129,,
冯彪哥,931,,
momomoheiv,1484,,
日月皆有阴晴圆缺,217,,
为何你的笑百度搜不到lirb,2494,,
冲上云霄的派大星,2667,,
kuma_现充中,1169,,
吃橘子的布丁,403,,
吃橘子的布丁,403,,
吃橘子的布丁,403,,
Bade初,1083,,
二年坂的抹茶館,2106,,
糊糊浃浃,23,,
风眠VIA,2264,,
UngIlRimOvO,2087,,
白色豹IIA7,2244,,
ARZyyyyyyyy,1827,,
拉布拉多大王,763,,
伪装成锦鲤的咸鱼77664,2638,,
螺旋藻HZ,2162,,
惹完我宝一定要立刻哄,1814,,
那云真白蓝真天,2585,,
伪装成锦鲤的咸鱼77664,2638,,
合金装甲布狼牙,1704,,
xxxSickoxxx,2193,,
粗超人,169,,
为了你游单独注册的,2707,,
saber26241,1531,,
Ars_陌小离,837,,
龍霸宇内,1122,,
当艾来敲门,160,,
摸鱼大赛16号选手,826,,
十代喜欢MEIDY,591,,
Chrysalis7,1432,,
邪道专家,201,,
零渊无渊愿,2232,,
五月景明,571,,
江边沼泽害死村民,1679,,
瑾瑶慕暖弦,2057,,
程嗨呀,1773,,
采薇南栅,1312,,
LANK琅,1650,,
宝珠rura驻微博大使,1135,,
祥拓艺,2096,,
也就那样丶丶,1103,,
RJ7欣,311,,
丨Sakurain丨,1964,,
又来绑架小猫辣,1143,,
道途老皮,2613,,
飛行士葉,949,,
TioP缇欧,1965,,
Accelerator40891,2053,,
Kio_ka,2311,,
仏师runhuayoyo,808,,
幸运的滕蔓,1095,,
ablettshb,189,,
蓝白aozame,1584,,
丨Mush丨,749,,
XxMaRuXxpiao,922,,
饼哥萌点偏,345,,
BeeeHumble,1139,,
早睡早起桑,322,,
万能播放z,2427,,
早睡早起桑,322,,
白十GG,1410,,
Sook_21,1178,,
Sook_21,1178,,
夜歌-Leiko,206,,
一只熊诶,468,,
一个爪爪,1377,,
无双的cake,2164,,
Kio_ka,2311,,
王者战魂5不屈,263,,
鬼跪鬼鬼,1446,,
鬼跪鬼鬼,1446,,
爵士天神老布,2236,,
乔乔的麋鹿,2218,,
犯二青年19,1194,,
桐谷和人39467,1995,,
乔乔的麋鹿,2218,,
理直气壮的观察员,1656,,
杍翛,2265,,
作者笔落方休,2712,,
风之鱼丸,542,,
王小花喵喵咪,390,,
宵弥s,1228,,
Davidtheotaku,471,,
红火恍恍呼呼,2495,,
tk4830792,1026,,
凉透呢啊,1792,,
DEV-7,34,,
Sun_Has_Sunny,26,,
几近期待,1109,,
月影星河Qaq,1870,,
pigpigpigoink,1588,,
_ThatXX,564,,
桜歌花舞,1778,,
tk4830792,1026,,
讨人嫌的小白,2181,,
微笑着守望,1884,,
桜歌花舞,1778,,
子瑜大大啊,2124,,
unscs1337,103,,
幻有梦现_,928,,
绎紫洛英,1152,,
为什么不能叫大鬼呢,2361,,
unscs1337,103,,
碎碎念念的时空机器,855,,
XNBY_墨白,2576,,
鹤顶孔雀胆,2462,,
北冥有鱼曰咸鱼,1661,,
有圈的9,1519,,
RJ7欣,311,,
利欧路Riolu,2031,,
黑云母wizone,428,,
好吧谁想试试,1998,,
预知子Yochiko-,590,,
周一情侣是真爱,1848,,
观山望岳行寰宇,1149,,
迷之奇诺比奥,1073,,
lzcxhxhxh,1376,,
尘世间见,455,,
-吸魂鬼-,1411,,
丿醉影78765,2469,,
让我睡吧我真的睡不够,2039,,
uwu老大哥,857,,
幻痛sama,562,,
小羊小羊_sss,2098,,
破鱼PoYuu,2007,,
古斯特人,830,,
click或ph,1467,,
双侠之一的陆小酒,788,,
天雷牙皇,958,,
肥嘟嘟伊左卫门,938,,
天雷牙皇,958,,
kmini猫白,950,,
Zier-_-,2223,,
派对小马碧琪派_,1261,,
狂乱贵狐狸狸,626,,
陈聆汐,1671,,
赤黑零,699,,
Messnow1,366,,
OK禁烟OK,2575,,
魔妖72,67,,
赤黑零,699,,
星轮逆转,1172,,
卿未更,678,,
NEXENO,2681,,
魔神双破斩,535,,
看门道哥,1367,,
NekoMioing,1809,,
商蓝999,2339,,
晓黄不是小黄,595,,
清风上玄月,1438,,
黑黑大氣功,2579,,
NEXENO,2681,,
jh_94,1161,,
某科学的奶爸,1115,,
O_o风见,935,,
世界遺產兔子柴,903,,
nyaru_nekora,2604,,
赫尔薇安,803,,
狂乱贵狐狸狸,626,,
wb什么时候倒闭,1190,,
巖繭,50,,
小桃子么,194,,
出气筒同志,770,,
1123我鸽了,735,,
多功能彩笔,1415,,
Skyraker987,1668,,
御座的羊小咩,530,,
无辄gilenda_,2069,,
Dawn_Sinnoh,1509,,
Sldanc_冷怯,2385,,
lorahi,2030,,
卐峰,240,,
Kohak彡,348,,
尾咩咩,722,,
旷古神坑-我是爱莉的好爸爸,817,,
槲寄生澜,1807,,
悠风麻薯,285,,
藤原特海,2341,,
肥宅系百合男子,1490,,
秦岭秋风i,1625,,
芳华绝代明日香,2627,,
Mr小輝,142,,
人穷志短败嗨风_,1534,,
三排八班蘑菇侠,1879,,
Alyssa的糖果,2148,,
树荫蘑菇,953,,
10点半的火车站,586,,
以后再看海ba,1239,,
花花花花花楹,1540,,
秃噜马膝盖,697,,
normanbao,814,,
我不是蛐蛐,172,,
暖巷与鹿,1956,,
ShapeShifter2,1031,,
卐峰,240,,
折来,807,,
normanbao,814,,
不麻麻我爱睡觉,521,,
追唔到翡翠的墨尔本,861,,
崎洛Kiro,1953,,
赵电炮会一直努力,672,,
月似旧时梦,496,,
kurosaki_白,645,,
Aki是乌龟,1685,,
本壹,2500,,
氪金境界,2084,,
一个马,877,,
宇智波带球过人,469,,
Aki是乌龟,1685,,
吃胖的逗逼,2630,,
HDSKG,2546,,
贝雷丝厨,1567,,
木木枭枭子,1676,,
ltt的奇妙冒险,976,,
皮蛋熊,360,,
泽泽洋-,812,,
鸥叽叽叽,1510,,
快一点睡觉,1243,,
xiong的闲居,94,,
Fifis-bin,815,,
天意如此Eling,183,,
小刘Ryu,864,,
藤丸仙贝,2574,,
我的女友是铁锤,997,,
島村卯月P-翠,776,,
莱恩科斯,1863,,
epenguin22,1477,,
CaiseMisty,1145,,
明日方舟鸿雪,1569,,
Jasonwrj,1028,,
_思琪姐姐,333,,
拧螺丝的螺丝,1831,,
playingapart,505,,
Ans_安,657,,
鬼魅狂笑的老李,354,,
幼刀叢雨酱70301,2190,,
大工第一飞虎队队长,239,,
CROW-32,502,,
阿涵阿函,1464,,
_李肆,693,,
TVemu,33,,
土豆你个马铃薯o0,2130,,
任天堂宇宙第一,2548,,
Takamachi_Vivio,1667,,
芒果果的香味,897,,
笨蛋笨蛋Baka,554,,
我也希望这里有阳光,2316,,
R-Fon,246,,
一般摸鱼选手,2259,,
漫游REN888,2331,,
赦天琴棘,1237,,
一只飞行器,1050,,
一声呜咽_,1192,,
此境之外,2011,,
田橙郓,2673,,
盐渍噜,369,,
跑步不开灯,2683,,
带怯偷眼望,1568,,
ZAKI_2473,385,,
筒子超级超级大GE,1166,,
明明就是你OvO,2566,,
drizzle在等不高兴,507,,
阿嗣阿四-,761,,
MisterGenessyLeong,446,,
喵皇八百万,2711,,
小明1231372,1716,,
光之工具人加把劲儿,1212,,
月司元,192,,
越共探头的小黑子,2439,,
某科学的超中二病,492,,
HeiyanKRS,2206,,
电气啄木鸟,1090,,
蓝猫是尼玛,380,,
Dragonov,567,,
我是臭屁小子,1949,,
JHL_Dedicated,999,,
幸运的滕蔓,1095,,
毕之BYF,2135,,
ShawBow,925,,
我们没文化的人就是这样的,195,,
意义不明的洗白,998,,
-Dong-X,1058,,
回收不明白小羊,514,,
Candy嬌是熊孩子,334,,
山德鲁大君,127,,
孙哥儿在广州,355,,
嘤嘤嘤怪的天下,2511,,
飞哥皇冠瑜伽会所,510,,
本物祖少,780,,
黄油蟹蟹泥,794,,
jensouyzx,48,,
ink麻烦热咯咯我刻薄破功,210,,
圣益君,1993,,
泥鱼龙最粪,1867,,
天才勇者爱吃麦乐鸡块,1272,,
VickyCuzQ,1701,,
水煮油炸小龙虾,1655,,
SZn98,2082,,
MAZXKL,2371,,
去云南吃蘑菇吧,665,,
车里雅宾斯克研究所官方,2161,,
北斗to南,1543,,
某赫国炼金术师,829,,
格兰赛法甲板清洁工黑糖,1309,,
抱紧我的憨,1979,,
虎爪吃咖啡布丁,2455,,
沐_Muuuu,1729,,
NS尼娅,2555,,
我今年不想再改名了,1018,,
Yama丶M,176,,
动森Bot河蟹君,2628,,
秋刀青花鱼,2158,,
我喜欢尼娅还有大家,2143,,
LinkA199312,2686,,
-死徒-,1373,,
我爱开封菜,138,,
vfyccvj,1706,,
FFFa玲,2216,,
Kelater,316,,
GungnirOD,747,,
话唠专用矫正器,63,,
vfyccvj,1706,,
叽米咕咕咕,827,,
全力生活的米爸,2146,,
割孤露泽_,833,,
蒸朋狂人汽轮机的黎明,706,,
Kelater,316,,
水哥的表弟,109,,
9u4p,499,,
终极自闭人,1611,,
非洲煤球部落酋长叁,193,,
终极自闭人,1611,,
SunSolaire,1850,,
TrevorLink,1780,,
滴狸狸哒啦啦啦,1206,,
弐辛,367,,
korlib930,934,,
M_Flamenco,179,,
相卜命厨,2367,,
月轮姐姐什么时候到,1515,,
小玖玖玖丶,2407,,
张涌楷12049,2501,,
爱空翻斯坦,506,,
玛格丽特虾米,795,,
_Fus_s,1987,,
少爷哦舍特,2440,,
led川4,2446,,
也曾歌笑不出来,1132,,
雨色空烟_QAQ,1137,,
我的每个飞机都是为你而打,593,,
你这样是要像全国人民谢罪的,2573,,
海盗旗与鸭嘴兽,1044,,
智慧弟弟,62,,
雪还在下70541,2617,,
命运之契约,1006,,
禁闭可莉爱炸鱼,1260,,
chlanan,2261,,
打工鸡仔,382,,
_远策,819,,
雫泉,1216,,
就叫饺子叭,2015,,
DDDDDlno,186,,
大家的Kawa,942,,
Cecilia_只影空遊,99,,
星丸kira,1126,,
间桐暴怒,93,,
固液Solidus,1768,,
HeyyHowYouDoing,1256,,
阿钛锅,2377,,
STEAL_WATAME,296,,
BambiiQ,2103,,
文旦_Zabon,1119,,
泥头车师傅1,313,,
四方的日常,2408,,
随个12759,2058,,
FAITHLESSS,9,,
炫彩雪豹,2347,,
西伯利亚著名猪头,1890,,
没有钱的星期天,1099,,
LinkA199312,2686,,
雾凇12345,1641,,
DoctorRab,17,,
三千院凰,511,,
空喵蕉太郎,1636,,
魔法少女露米娅,649,,
_暴躁的小喇叭,1087,,
败者食dust,1922,,
悉默夫,1067,,
夜客游天,1025,,
或许是土豆泥,1687,,
久伴不离_cc,1555,,
英灵丘比,413,,
只是link,1280,,
卷卷卷卷阿,1064,,
不如问问万能的狗策吧,1129,,
蓝灯游戏-BSL白龙,1219,,
大芒果果果果果果菌,1451,,
Tsukikazu,283,,
UwithLay,1348,,
东黎c,2150,,
Col_AMK,1096,,
靠树望天,607,,
FD_ZJ,31,,
勇敢的丁达尔,784,,
凌汛,102,,
辐射桃子,679,,
非常不靠谱的翎,990,,
_YukLung,417,,
好吧谁想试试,1998,,
某某某某某不知名艺术家,2616,,
云玩家本本子,985,,
4everRamos,1144,,
星叶儿不会受伤,1559,,
人間惡戲,1747,,
靠树望天,607,,
每天砍一棵白桦树,1487,,
ar峯,136,,
水与天齐,1196,,
望宇离痕,1343,,
NintendoSwitch俱乐部,2209,,
BoTakWong,161,,
小鸟游立夏,618,,
雅客吸,343,,
kop小狼5,1100,,
风都侦探菲利普,203,,
罗伯特特特特忒,1246,,
阿布布嗷,1648,,
布袋junior,1353,,
仰望星空109867,1681,,
c1145323,2274,,
鸽鱼鸽,2104,,
请叫我蔬菜精灵,1822,,
看门道哥,1367,,
三森的泰国料理,1771,,
Methanol-Diesel,1199,,
铁线圈,1748,,
_staple,1123,,
星辰繁音,629,,
Methanol-Diesel,1199,,
Fine_Fine_Fine_,841,,
Methanol-Diesel,1199,,
雨奈OS,2405,,
Jshiro,164,,
Methanol-Diesel,1199,,
Methanol-Diesel,1199,,
寂月zxcbjy,1872,,
snakeYD,1765,,
从不摸鱼的烨橙,1211,,
一鸣嘿,773,,
Dante_Link,1996,,
KAFCI,2523,,
人生真是寂寞如雪啊x,370,,
没饭吃的小孩,737,,
一鸣嘿,773,,
多辣不要醋吃不了,927,,
Sessyon,1752,,
假装路过灬暗中观察,2307,,
tl疯人院,1533,,
音无妍羽,1112,,
Philipp_,357,,
六翼丶Angel,1797,,
正确的一针见血的,1905,,
虚空之眼卡萨丁,1182,,
大法师预备役,1157,,
瓶踏沧澜,2639,,
林丶麒,1110,,
垃圾战士,219,,
吾一2015,1125,,
鮣鱼大佬,2644,,
欧气满满123,1232,,
纆隽,1386,,
TENQEI,282,,
老林今天不想加班,912,,
Space_0dyessy,2152,,
丹青_蛋清,1265,,
Saint343,473,,
空城君嘘,1631,,
挖煤工人牛三斤-,1911,,
ZoumaWss,1397,,
桀无音,1652,,
狄多推克xy,1097,,
半吊子风都侦探,962,,
莱伊德,2451,,
小猫咪呜呜_,1654,,
Chowsix,2034,,
塞拉门尼斯儿,881,,
__Huu__,464,,
耿鬼最可爱,684,,
长夜将明,1647,,
ArraySdream,664,,
咸鱼蒸猪肉丶,237,,
要死的Cat,717,,
不想吃刀子了,253,,
heyjue,411,,
烤冷面战士-GDP,1356,,
JackalCO,1830,,
法老只因_,264,,
世界_不是平的,1163,,
冇鱼丸有鱼蛋,643,,
SsSsan丶,850,,
Gyana_J,441,,
果格_拉客叶儿41474,2695,,
肝爆秃头少年51973,2687,,
小小小小小雨_,106,,
冬了个大逝,2529,,
糖丸-lioy,2689,,
故事里的小黄花on,2252,,
哈罗椰只,1168,,
哈罗椰只,1168,,
装甲空母胜利,2289,,
沐淤清泫,1522,,
炽热的希望之力,2675,,
洛洛洛Sevilos,394,,
白木圭可大人,1838,,
万肝之王EDTA,2497,,
若翎飞又忘了密码,2599,,
迷世的风,2388,,
丹特丽安·修伊,2671,,
青羽凝华_,2485,,
小昭cxz,426,,
魔都dlj,290,,
山月常新,2466,,
君名42427,2215,,
赈早见幻灵,1245,,
逍遥鸟酱,891,,
Neilwasabi,2698,,
Neilwasabi,2698,,
养着兔子的猫咪,2802,,
书一点禾,2781,,
罗小黑本喵_,1981,,
希儿呐xy,2272,,
绯羽绯葬,2038,,
杀疯的兔子,1929,,
r1selrt,2182,,
忘初心有,1601,,
拉文克劳第一帅猹,1128,,
五行缺钱37715,2773,,
伊卡洛斯-天空女神,2338,,
孙笑川5655,2730,,
猫某人f,2397,,
顾影自叹,1505,,
顾影自叹,1505,,
顾影自叹,1505,,
凝泪成觞,2196,,
死而复生321,2732,,
我爱皮皮瑜,2468,,
你饿了关我屁事,1475,,
NS-木匣,2402,,
郑萝北,569,,
麦片脆皮雪糕世界第一好吃,766,,
梦回05249,2461,,
梦葬泪枯,2768,,
Angel_of_Death_TaRasha,2649,,
M0101J-,1583,,
曦焕腻,2569,,
机智的皮皮嘤,1888,,
奢求_82084,1491,,
JackToner,2759,,
黑曜石柠檬,2623,,
元气满满bou,534,,
最上74839,2764,,
星海化鱼OvO,1820,,
浅夏微凉51164,2733,,
花少北屹立在水坑之中,2406,,
Rmbaci,1250,,
野炊爆炸,2761,,
闻人流葭,1281,,
芙兰师匠,1218,,
创世界AP57017,2506,,
嘉然仙贝,2191,,
秀翻全场的痛经室女,2321,,
银白色的咲墨,978,,
红空岛寺,476,,
陈元早,2554,,
御龙苍天眼CEO,1686,,
原味砂糖小狗,825,,
御龙苍天眼CEO,1686,,
胜利_属于伊泽瑞尔,2453,,
我才不是我才不是无机酸,2746,,
柳柳的小呆迪,1201,,
Schwarz_-,1637,,
墨凌GG,910,,
suuji,174,,
陌樱璃Cc,2664,,
Enlien丶,1866,,
A秋酱,844,,
水无抈流歌,2421,,
黑暗骑士621,1877,,
榎木遥_Enoki_haru,1629,,
小吴今天赚钱了嘛,2111,,
阿次次饭团咪,143,,
带路走去云端,548,,
Tw_Himm,304,,
云夜悠长,2677,,
桃月OuO,605,,
吃草莓咩咩咩,965,,
忘千_Official,1985,,
鸡汁的熊小宝,1146,,
柴柴汪_滚去打游戏啊,323,,
林启裕Jim,460,,
这里素你不认识的人,654,,
私设光激推bot,1640,,
时光前往的彼方41438,2519,,
一名路过的骑士,1599,,
巧克力的铲s官,954,,
给的名真怪,2048,,
天不再晴朗Lk,804,,
海馬懶人_,1959,,
幼儿园园霸52758,1402,,
此时还在磨刀,2225,,
Yahoohsu_EX,532,,
濁涇清渭,531,,
咸某oc,1899,,
CCMISSUUU,389,,
水无抈流歌,2421,,
兔兔谈谈,2169,,
thvhg2019,2748,,
你m死了65686,2744,,
pa1n101,2738,,
哈维嘎嘎,1750,,
连哄带蒙不要脸,332,,
巧克力-1771,585,,
小羊戈登,2285,,
厨余残渣,2387,,
迈克sssss,2049,,
大风车小火轮,1079,,
SilvermoonO_o,1054,,
花南-,1735,,
ColdAme_凉雨初霁,1330,,
小小傲娇兽,1133,,
凝泪成觞,2196,,
凝泪成觞,2196,,
奶盖奶糕向前冲,983,,
君道殇,2449,,
亚希露,1852,,
佐尼斯_布莱克,623,,
熬屠漫aole,2481,,
Sunsettttttt,944,,
摸鱼队长Arno11,1518,,
建建森,269,,
茜茜的小迷弟一枚,883,,
竹墨尘儿,1473,,
Bili-AkiyamaMio,2066,,
旅途_tou,335,,
HimiSaber,1005,,
绿野丢丢,1193,,
微博抽奖平台,1602,,
为你守候53017,2312,,
林先生llli,622,,
s神魔之殇s,1202,,
error1980,1383,,
error1980,1383,,
墨稻梨殇,1495,,
易寒_20545,995,,
朝丝而雪飘,1835,,
快看啊B君,1546,,
金梅姜丝,904,,
董欣洁1226,1448,,
污半生,1453,,
二十七要努力赚钱给66开皇帝,480,,
saber26241,1531,,
老狐的资源库,902,,
古巷月影清如玉,1673,,
北辰妖龙,2327,,
-BEiii,1102,,
Hydra_CAT,337,,
预知子Yochiko-,590,,
浩淼云兮,1919,,
山山不住大山里,1500,,
AAalienNNnnn,1885,,
丶北橘南枳,1585,,
CaiseMisty,1145,,
夏夜的物语,1514,,
土拨鼠酋长国形象大使,1150,,
Sandman今天是铁FIVE吗,1041,,
真有你的啊买买提,1051,,
顺Q1淄然,1175,,
千帆幻尽,1736,,
我爱开封菜,138,,
桂陵君,459,,
有点蕉拙,1903,,
原罪硬肝学者,2217,,
姜阳升,2163,,
凯露单推人,1620,,
夜宵研究所所长,2093,,
囊同学的老父亲,321,,
不叫Cory叫叁秒,406,,
elpsyvam,2202,,
三粒鸥,2260,,
任地域,2476,,
巨巨巨巨巨巨巨巨蟹蟹,387,,
三倍速的夏亚,1039,,
11223344八甲基环丁烷,49,,
千树Erk,536,,
太原俊后生,1371,,
-Keo-,892,,
哦伊哇伊伊,1549,,
oO土豆泥O,2409,,
鸥洗恩,379,,
hakumei_surfing_ver,796,,
兔纸今天能摸到鱼吗,2200,,
老老老老老那啊,1158,我再也不想写代码了 ,2904.0
十香Princess2018,2370,糖醋SAO排骨,3627.0
昊哥昊哥耗,638,花盆栽柳树谁也拦不住,3285.0
寒天黑糖,320,半透明黑桶,2810.0
bo_白色大月亮,2800,养着兔子的猫咪,2802.0
夕神心音,1675,书一点禾,2781.0
bo_白色大月亮,2800,罗小黑本喵_,1981.0
名字就叫旧林,2796,罗小黑本喵_,1981.0
才太晚,2772,罗小黑本喵_,1981.0
下饭的奕泽,2785,绯羽绯葬,2038.0
阿卡狄亚半岛,2490,杀疯的兔子,1929.0
吉日晨良,1932,r1selrt,2182.0
蠢萌萌66,2775,忘初心有,1601.0
蠢萌萌66,2775,五行缺钱37715,2773.0
黑鸭嗨哟,2778,蠢萌萌66,2775.0
艾·喆芷谮濹锉布锴勒,957,伊卡洛斯-天空女神,2338.0
伊卡洛斯-天空女神,2338,伊卡洛斯-天空女神,2338.0
黑鸭嗨哟,2778,肿肿,1604.0
樱龙揩泪,2027,肿肿,1604.0
云夜悠长,2677,孙笑川5655,2730.0
万里的追寻者41043,2594,孙笑川5655,2730.0
有毒的茶茶,2521,孙笑川5655,2730.0
事彗茵,2041,孙笑川5655,2730.0
云夜悠长,2677,孙笑川5655,2730.0
孙笑川5655,2730,有毒的茶茶,2521.0
孙笑川5655,2730,慧骃要成为本子画师,3114.0
QUARTZ2017,2535,顾影自叹,1505.0
云夜悠长,2677,顾影自叹,1505.0
樱龙揩泪,2027,顾影自叹,1505.0
云夜悠长,2677,顾影自叹,1505.0
QUARTZ2017,2535,顾影自叹,1505.0
我伊布贼溜,813,凝泪成觞,2196.0
Zh40q14NcheN,2192,我伊布贼溜,813.0
我伊布贼溜,813,梦回05249,2461.0
鱼古墓,2378,我伊布贼溜,813.0
gfsbiss,2754,机智的皮皮嘤,1888.0
gfsbiss,2754,bo_白色大月亮,2800.0
bo_白色大月亮,2800,gfsbiss,2754.0
奢求_82084,1491,时间旅行机器,3138.0
兔兔谈谈,2169,JackToner,2759.0
万里的追寻者41043,2594,元气满满bou,534.0
元气满满bou,534,万里的追寻者41043,2594.0
元气满满bou,534,时间旅行机器,3138.0
元气满满bou,534,大头花阳,3476.0
万里的追寻者41043,2594,最上74839,2764.0
云夜悠长,2677,花少北屹立在水坑之中,2406.0
云夜悠长,2677,今天原神凉了没,3680.0
花少北屹立在水坑之中,2406,云夜悠长,2677.0
云夜悠长,2677,今天原神凉了没,3680.0
花少北屹立在水坑之中,2406,云夜悠长,2677.0
云夜悠长,2677,今天原神凉了没,3680.0
花少北屹立在水坑之中,2406,云夜悠长,2677.0
云夜悠长,2677,Rmbaci,1250.0
花少北屹立在水坑之中,2406,嘉然仙贝,2191.0
JokanraJoestar,1918,银白色的咲墨,978.0
银白色的咲墨,978,JokanraJoestar,1918.0
云夜悠长,2677,红空岛寺,476.0
云夜悠长,2677,今天原神凉了没,3680.0
花少北屹立在水坑之中,2406,云夜悠长,2677.0
云夜悠长,2677,Schwarz_-,1637.0
万里的追寻者41043,2594,墨凌GG,910.0
云夜悠长,2677,陌樱璃Cc,2664.0
万里的追寻者41043,2594,陌樱璃Cc,2664.0
万里的追寻者41043,2594,Enlien丶,1866.0
元首的胖次00658,2629,Enlien丶,1866.0
万里的追寻者41043,2594,A秋酱,844.0
万里的追寻者41043,2594,A秋酱,844.0
万里的追寻者41043,2594,A秋酱,844.0
万里的追寻者41043,2594,A秋酱,844.0
A秋酱,844,万里的追寻者41043,2594.0
万里的追寻者41043,2594,A秋酱,844.0
A秋酱,844,万里的追寻者41043,2594.0
万里的追寻者41043,2594,A秋酱,844.0
A秋酱,844,万里的追寻者41043,2594.0
云夜悠长,2677,黑暗骑士621,1877.0
元首的胖次00658,2629,阿次次饭团咪,143.0
水无抈流歌,2421,云夜悠长,2677.0
水无抈流歌,2421,云夜悠长,2677.0
云夜悠长,2677,是鬼王啊ii,3104.0
云夜悠长,2677,tougeda,2857.0
云夜悠长,2677,桃月OuO,605.0
云夜悠长,2677,猫神OvO,3580.0
桃月OuO,605,云夜悠长,2677.0
水无抈流歌,2421,亚洲善待人类组织,686.0
云夜悠长,2677,吃草莓咩咩咩,965.0
云夜悠长,2677,吃草莓咩咩咩,965.0
云夜悠长,2677,sun晓熙,2982.0
吃草莓咩咩咩,965,云夜悠长,2677.0
云夜悠长,2677,sun晓熙,2982.0
吃草莓咩咩咩,965,云夜悠长,2677.0
云夜悠长,2677,sun晓熙,2982.0
吃草莓咩咩咩,965,云夜悠长,2677.0
云夜悠长,2677,sun晓熙,2982.0
吃草莓咩咩咩,965,云夜悠长,2677.0
水无抈流歌,2421,鸡汁的熊小宝,1146.0
万里的追寻者41043,2594,柴柴汪_滚去打游戏啊,323.0
万里的追寻者41043,2594,羽生三未,2504.0
万里的追寻者41043,2594,羽生三未,2504.0
万里的追寻者41043,2594,羽生三未,2504.0
万里的追寻者41043,2594,羽生三未,2504.0
小叻ROKA,451,羽生三未,2504.0
羽生三未,2504,万里的追寻者41043,2594.0
小叻ROKA,451,羽生三未,2504.0
羽生三未,2504,小叻ROKA,451.0
云夜悠长,2677,林启裕Jim,460.0
万里的追寻者41043,2594,林启裕Jim,460.0
有加者喜,1134,这里素你不认识的人,654.0
有加者喜,1134,这里素你不认识的人,654.0
这里素你不认识的人,654,柏加柏减,3747.0
万里的追寻者41043,2594,时光前往的彼方41438,2519.0
云夜悠长,2677,一名路过的骑士,1599.0
天河星月,2762,一名路过的骑士,1599.0
小狗鯊魚,1429,一名路过的骑士,1599.0
水无抈流歌,2421,时间旅行机器,3138.0
云夜悠长,2677,是鬼王啊ii,3104.0
水无抈流歌,2421,云夜悠长,2677.0
水无抈流歌,2421,云夜悠长,2677.0
巧克力的铲s官,954,云夜悠长,2677.0
真呼名子,368,给的名真怪,2048.0
云夜悠长,2677,给的名真怪,2048.0
Rmbaci,1250,天不再晴朗Lk,804.0
小狗鯊魚,1429,天不再晴朗Lk,804.0
天不再晴朗Lk,804,乃木坂46-徐大力,3274.0
竟然改名了,987,乃木坂46-徐大力,3274.0
小狗鯊魚,1429,天不再晴朗Lk,804.0
天不再晴朗Lk,804,Rmbaci,1250.0
云夜悠长,2677,幼儿园园霸52758,1402.0
wirzard1,2750,此时还在磨刀,2225.0
云夜悠长,2677,Yahoohsu_EX,532.0
祝你今天发大财,2099,濁涇清渭,531.0
寒汐影SaKura,2318,濁涇清渭,531.0
水无抈流歌,2421,濁涇清渭,531.0
濁涇清渭,531,是鬼王啊ii,3104.0
zacharyyyyyy,973,咸某oc,1899.0
慕夏明黎,2787,咸某oc,1899.0
miaopa1,2201,咸某oc,1899.0
墨凌GG,910,咸某oc,1899.0
沛县这个老六,2786,CCMISSUUU,389.0
任豚的爹,2335,水无抈流歌,2421.0
水无抈流歌,2421,索狗任豚的爹,3265.0
thvhg2019,2748,tougeda,2857.0
猎杀米卫兵马,2741,leroy2222222222,2747.0
你m死了65686,2744,芒种Quarz,3328.0
咕咕咕19315,2740,芒种Quarz,3328.0
咕咕咕19315,2740,芒种Quarz,3328.0
Rmbaci,1250,pa1n101,2738.0
开辟之星3,981,夜降萃梦乡_,3162.0
某堡颜值担当,1975,小羊戈登,2285.0
Allanpoe黑猫,2097,厨余残渣,2387.0
很休闲的玩家,1416,厨余残渣,2387.0
烟花飞渡似水流年61558,1626,厨余残渣,2387.0
烟花飞渡似水流年61558,1626,厨余残渣,2387.0
ok啦桑不啦批泡,2240,厨余残渣,2387.0
QWDFRE,1323,厨余残渣,2387.0
凉尽初夏h,2486,Allanpoe黑猫,2097.0
厨余残渣,2387,呦兀兀兀,3275.0
廷廷且重开66,527,迈克sssss,2049.0
身无长物你懂的,2729,迈克sssss,2049.0
身无长物你懂的,2729,揭开我的伪善,3149.0
克鲁希斯,280,我真的再也不皮了,3628.0
大风车小火轮,1079,我真的再也不皮了,3628.0
SilvermoonO_o,1054,东冥震陨,3353.0
SilvermoonO_o,1054,东冥震陨,3353.0
大风车小火轮,1079,ColdAme_凉雨初霁,1330.0
纸杯020,2547,奶盖奶糕向前冲,983.0
身无长物你懂的,2729,奶盖奶糕向前冲,983.0
你怎么可以吃猪肉,2452,奶盖奶糕向前冲,983.0
SilvermoonO_o,1054,奶盖奶糕向前冲,983.0
喵诗人nya,1906,奶盖奶糕向前冲,983.0
YOLO在远方,2716,身无长物你懂的,2729.0
奶盖奶糕向前冲,983,纸杯020,2547.0
奶盖奶糕向前冲,983,身无长物你懂的,2729.0
奶盖奶糕向前冲,983,你怎么可以吃猪肉,2452.0
你怎么可以吃猪肉,2452,丶孤独时代的宠儿丶,3182.0
奶盖奶糕向前冲,983,你怎么可以吃猪肉,2452.0
奶盖奶糕向前冲,983,Alexroswell,3723.0
奶盖奶糕向前冲,983,SilvermoonO_o,1054.0
奶盖奶糕向前冲,983,钉宫式病毒,2842.0
君道殇,2449,Alexroswell,3723.0
君道殇,2449,Alexroswell,3723.0
君道殇,2449,Alexroswell,3723.0
君道殇,2449,Alexroswell,3723.0
烛虚cron,2799,亚希露,1852.0
bo_白色大月亮,2800,亚希露,1852.0
亚希露,1852,亚希露,1852.0
鱼古墓,2378,Sunsettttttt,944.0
凉尽初夏h,2486,Sunsettttttt,944.0
Yisanamisuyao_,2621,Sunsettttttt,944.0
云夜悠长,2677,Sunsettttttt,944.0
墨凌GG,910,Sunsettttttt,944.0
冰晶王子K,1813,Sunsettttttt,944.0
浴沝木08144,1954,Sunsettttttt,944.0
ok啦桑不啦批泡,2240,Sunsettttttt,944.0
沢--,2003,Sunsettttttt,944.0
香芋西米露加椰奶,2350,Sunsettttttt,944.0
君勿笑775,2273,冰晶王子K,1813.0
摸鱼队长Arno11,1518,摸鱼队长Arno11,1518.0
水邪大人,100,竹墨尘儿,1473.0
冷月ssrm,1976,竹墨尘儿,1473.0
要拓宽生命的质量啊-,497,恵飛須沢,2655.0
要拓宽生命的质量啊-,497,恵飛須沢,2655.0
恵飛須沢,2655,Deawor熊猫,3645.0
张朝阳32208,1886,微博抽奖平台,1602.0
身在人间的阿叶,2769,微博抽奖平台,1602.0
万里的追寻者41043,2594,微博抽奖平台,1602.0
禹馀道人65789,2758,微博抽奖平台,1602.0
warclen,214,微博抽奖平台,1602.0
想吃海底捞要八盘肉,1300,微博抽奖平台,1602.0
xwmrct,1468,微博抽奖平台,1602.0
千帆幻尽,1736,为你守候53017,2312.0
阿卡牟-akamoo,6,error1980,1383.0
吃草莓咩咩咩,965,error1980,1383.0
别开腔_自己人,2145,error1980,1383.0
别开腔_自己人,2145,error1980,1383.0
Oscar33whh,2430,error1980,1383.0
花南-,1735,error1980,1383.0
花南-,1735,error1980,1383.0
林克林,2379,error1980,1383.0
呆毛突然翘起来了,1612,error1980,1383.0
万肝之王EDTA,2497,error1980,1383.0
廷廷且重开66,527,万肝之王EDTA,2497.0
k奇酱,1277,error1980,1383.0
k奇酱,1277,Decimeter,3585.0
k奇酱,1277,林克林,2379.0
银白色的咲墨,978,万肝之王EDTA,2497.0
jkdkdndmy,2540,万肝之王EDTA,2497.0
error1980,1383,你基情的老公,2811.0
error1980,1383,a0赵喆,2899.0
别开腔_自己人,2145,error1980,1383.0
别开腔_自己人,2145,林克林,2379.0
别开腔_自己人,2145,a0赵喆,2899.0
error1980,1383,不喜欢黄头发,3271.0
error1980,1383,GouigU_72,3220.0
error1980,1383,L0cu4T,3313.0
error1980,1383,GouigU_72,3220.0
error1980,1383,自闭倒霉蛋,2960.0
万肝之王EDTA,2497,所以深呼吸就好,3700.0
万肝之王EDTA,2497,悠风号角,3130.0
error1980,1383,悠风号角,3130.0
error1980,1383,万肝之王EDTA,2497.0
iTo_BASARA,915,朝丝而雪飘,1835.0
鱼古墓,2378,Alexroswell,3723.0
鱼古墓,2378,Celegrom_桐,3388.0
任豚的爹,2335,Celegrom_桐,3388.0
是香音酱哦,2263,Celegrom_桐,3388.0
董欣洁1226,1448,董欣洁1226,1448.0
董欣洁1226,1448,半个怪人-,3527.0
Mt摸鱼好了,1895,污半生,1453.0
猫叠单数,2662,污半生,1453.0
阳每天都想看海,1462,污半生,1453.0
ok啦桑不啦批泡,2240,污半生,1453.0
来栖蓝,485,污半生,1453.0
爱逗比的猫,894,污半生,1453.0
冷月ssrm,1976,污半生,1453.0
远时ver,2474,污半生,1453.0
淦淦3478602262,1022,污半生,1453.0
iTo_BASARA,915,污半生,1453.0
大河境36187,2254,污半生,1453.0
能猫七千,2237,污半生,1453.0
Mega_Empire,1592,污半生,1453.0
地狱三俗犬,1332,污半生,1453.0
qwepoizxcmnbv,1845,污半生,1453.0
蓬松咩咩吐司,1746,污半生,1453.0
吾辈的猫薄荷,1264,污半生,1453.0
ok啦桑不啦批泡,2240,L0cu4T,3313.0
ok啦桑不啦批泡,2240,L0cu4T,3313.0
千瞿,1582,伪装成锦鲤的咸鱼77664,2638.0
伪装成锦鲤的咸鱼77664,2638,千瞿,1582.0
惜取少年时66074,2659,北辰妖龙,2327.0
沛县这个老六,2786,Hydra_CAT,337.0
下饭的奕泽,2785,Hydra_CAT,337.0
笑顔70794,2753,Hydra_CAT,337.0
舒大帅好吧_427,721,Hydra_CAT,337.0
工乀丂,2302,Hydra_CAT,337.0
死鱼眼的扑腾,1121,Hydra_CAT,337.0
白15575,2763,Hydra_CAT,337.0
云夜悠长,2677,Hydra_CAT,337.0
吴晶华1,711,Hydra_CAT,337.0
Kehan_Zhang,2528,Hydra_CAT,337.0
你怎么可以吃猪肉,2452,Hydra_CAT,337.0
哦啊衣喔了_656,209,Hydra_CAT,337.0
花南-,1735,Hydra_CAT,337.0
瑹龍芸影,2186,Hydra_CAT,337.0
顾影自叹,1505,笑顔70794,2753.0
aliez60529,2766,花南-,1735.0
流云心Aurora,1455,花南-,1735.0
花南-,1735,_世人皆受我独攻_,2968.0
星海化鱼OvO,1820,东冥震陨,3353.0
Hydra_CAT,337,东冥震陨,3353.0
流云心Aurora,1455,花南-,1735.0
董丶大橙,775,哦啊衣喔了_656,209.0
瑹龍芸影,2186,哦啊衣喔了_656,209.0
哦啊衣喔了_656,209,花南-,1735.0
哦啊衣喔了_656,209,imcomplete丶dream,2973.0
Shiro379Alice,1176,花南-,1735.0
若如初见29626,2509,预知子Yochiko-,590.0
千帆幻尽,1736,若如初见29626,2509.0
柴俊猫16625,2678,山山不住大山里,1500.0
银白色的咲墨,978,山山不住大山里,1500.0
流布布布布,2131,山山不住大山里,1500.0
凉尽初夏h,2486,封山-丫,3061.0
Season丨Y,1812,柴俊猫16625,2678.0
山山不住大山里,1500,柴俊猫16625,2678.0
银白色的咲墨,978,巩逸轩3280734025,3437.0
你好陈博,2801,AAalienNNnnn,1885.0
沛县这个老六,2786,AAalienNNnnn,1885.0
德莉莎我脑婆,1690,AAalienNNnnn,1885.0
云夜悠长,2677,AAalienNNnnn,1885.0
墨凌GG,910,AAalienNNnnn,1885.0
QWDFRE,1323,AAalienNNnnn,1885.0
_绀_,1776,AAalienNNnnn,1885.0
禁止蓝化,753,AAalienNNnnn,1885.0
其实是饭团哒,1841,AAalienNNnnn,1885.0
AAalienNNnnn,1885,你好陈博,2801.0
沛县这个老六,2786,丶北橘南枳,1585.0
创pink,1970,丶北橘南枳,1585.0
error1980,1383,丶北橘南枳,1585.0
很休闲的玩家,1416,error1980,1383.0
很休闲的玩家,1416,error1980,1383.0
很休闲的玩家,1416,error1980,1383.0
很休闲的玩家,1416,error1980,1383.0
linuxer和笨兔兔,801,意淫天才了解一下一下,3118.0
error1980,1383,意淫天才了解一下一下,3118.0
D0uble_CheeseBurger,362,error1980,1383.0
error1980,1383,醇悟,906.0
醇悟,906,error1980,1383.0
夜午路乙,1621,error1980,1383.0
ok啦桑不啦批泡,2240,error1980,1383.0
獅Yue,2791,夏夜的物语,1514.0
舒大帅好吧_427,721,夏夜的物语,1514.0
error1980,1383,夏夜的物语,1514.0
fppp258,1901,error1980,1383.0
负电拍拍w,2226,土拨鼠酋长国形象大使,1150.0
一位帅鸽,1816,土拨鼠酋长国形象大使,1150.0
RRRRRRRRRRRRR个锤子神,297,土拨鼠酋长国形象大使,1150.0
V我50送赛博垃圾,728,土拨鼠酋长国形象大使,1150.0
-BEiii,1102,土拨鼠酋长国形象大使,1150.0
万里的追寻者41043,2594,时间旅行机器,3138.0
Rmbaci,1250,RRRRRRRRRRRRR个锤子神,297.0
L_Wanna,1408,繁星Maxstar,3411.0
土拨鼠酋长国形象大使,1150,oooooucy,3355.0
土拨鼠酋长国形象大使,1150,繁星Maxstar,3411.0
zc_铃玖,1782,Sandman今天是铁FIVE吗,1041.0
cctoo_88,860,Sandman今天是铁FIVE吗,1041.0
TINGEM会飞不会跑,771,Sandman今天是铁FIVE吗,1041.0
cctoo_88,860,DELTA_睡魔,3201.0
Sandman今天是铁FIVE吗,1041,cctoo_88,860.0
水中焰火hdjdh,2299,DELTA_睡魔,3201.0
Sandman今天是铁FIVE吗,1041,TINGEM会飞不会跑,771.0
私设光激推bot,1640,真有你的啊买买提,1051.0
薄荷巴乔,692,真有你的啊买买提,1051.0
别开腔_自己人,2145,真有你的啊买买提,1051.0
CHANNEER,2532,真有你的啊买买提,1051.0
宇宙无敌天下第一的帅狗,2046,真有你的啊买买提,1051.0
先自罚一顿火锅,1334,CHANNEER,2532.0
Tyonosuke,2303,CHANNEER,2532.0
CHANNEER,2532,求放过_太累了,3415.0
CHANNEER,2532,求放过_太累了,3415.0
别开腔_自己人,2145,CHANNEER,2532.0
别开腔_自己人,2145,CHANNEER,2532.0
CHANNEER,2532,宇宙超级无敌小花生,3361.0
CHANNEER,2532,宇宙超级无敌小花生,3361.0
真有你的啊买买提,1051,CHANNEER,2532.0
136658305jkly,980,千帆幻尽,1736.0
五行缺钱37715,2773,千帆幻尽,1736.0
Heyiiul,2562,千帆幻尽,1736.0
菠萝198608,2702,千帆幻尽,1736.0
窝跌,2390,千帆幻尽,1736.0
窝跌,2390,千帆幻尽,1736.0
开个小号挺二次元,2624,千帆幻尽,1736.0
死鱼眼的扑腾,1121,千帆幻尽,1736.0
万里的追寻者41043,2594,千帆幻尽,1736.0
saber家今天的饭,419,千帆幻尽,1736.0
银白色的咲墨,978,千帆幻尽,1736.0
明镜止水Clearmind,2368,千帆幻尽,1736.0
尅埜,1407,千帆幻尽,1736.0
私设光激推bot,1640,千帆幻尽,1736.0
薄荷巴乔,692,千帆幻尽,1736.0
驯龙高手尹志平198102,1856,千帆幻尽,1736.0
秋木杨,2657,千帆幻尽,1736.0
六十九岁纯情男高,2348,千帆幻尽,1736.0
error1980,1383,千帆幻尽,1736.0
wb什么时候倒闭,1190,千帆幻尽,1736.0
百花未缭乱,2245,千帆幻尽,1736.0
阳光下一清盏,1925,千帆幻尽,1736.0
寒冰长夜,1742,千帆幻尽,1736.0
浐灞辉煌,606,千帆幻尽,1736.0
西蘩_,716,千帆幻尽,1736.0
银鹭与零食,2471,千帆幻尽,1736.0
奈礼_谏山创我日你先人,859,千帆幻尽,1736.0
世界遺產兔子柴,903,千帆幻尽,1736.0
赫尔薇安,803,千帆幻尽,1736.0
7K_FreeStyle,425,千帆幻尽,1736.0
Primal_wildness,2241,千帆幻尽,1736.0
不浪客_孟晓,216,千帆幻尽,1736.0
urmehing,2221,早安晚安谢谢再见,971.0
urmehing,2221,不吃生肉也不重名,3234.0
木木的啦a,2330,不吃生肉也不重名,3234.0
甪人卍,2588,时间旅行机器,3138.0
邢刑形5376,2663,卡画拉查画,3615.0
小羊年羔,1909,薄荷巴乔,692.0
千帆幻尽,1736,万里的追寻者41043,2594.0
别给我再加关了,2032,不浪客_孟晓,216.0
银白色的咲墨,978,茫茫幻想可有尽头,3082.0
千帆幻尽,1736,巩逸轩3280734025,3437.0
error1980,1383,海风轻云雁,1503.0
海风轻云雁,1503,error1980,1383.0
error1980,1383,海风轻云雁,1503.0
海风轻云雁,1503,error1980,1383.0
error1980,1383,茫茫幻想可有尽头,3082.0
千帆幻尽,1736,error1980,1383.0
error1980,1383,Zookie-,3782.0
MariaTheDumb,1130,error1980,1383.0
非常神奇的老z,3,薄荷巴乔,692.0
Rmbaci,1250,薄荷巴乔,692.0
Rmbaci,1250,error1980,1383.0
kekelegume,1422,不吃生肉也不重名,3234.0
linuxer和笨兔兔,801,正经文科生,3746.0
大毛球酱,600,error1980,1383.0
error1980,1383,大毛球酱,600.0
大毛球酱,600,error1980,1383.0
leon珺,79,error1980,1383.0
error1980,1383,低温檬先生,3332.0
error1980,1383,低温檬先生,3332.0
error1980,1383,Mntge笑猫,3470.0
-MilkTeatime-,2550,error1980,1383.0
醇悟,906,error1980,1383.0
Haoyun0402,612,奈礼_,3695.0
深海鳕鱼格莱尼,1882,error1980,1383.0
error1980,1383,君临天下的小鱼干,2906.0
深海鳕鱼格莱尼,1882,error1980,1383.0
早安晚安谢谢再见,971,error1980,1383.0
error1980,1383,正经文科生,3746.0
早安晚安谢谢再见,971,error1980,1383.0
error1980,1383,凯伊酱被爆破了,2114.0
凯伊酱被爆破了,2114,error1980,1383.0
北枳9102,1439,error1980,1383.0
error1980,1383,北枳9102,1439.0
北枳9102,1439,error1980,1383.0
error1980,1383,神威无敌本子教教主,2178.0
神威无敌本子教教主,2178,error1980,1383.0
想香香的日日夜夜,575,error1980,1383.0
笨蛋超神,1790,error1980,1383.0
error1980,1383,花盆栽柳树谁也拦不住,3285.0
千帆幻尽,1736,error1980,1383.0
奈奈被吃了,2396,奈礼_,3695.0
TherionTheThief,1160,寒冰长夜,1742.0
挽柩,2173,我爱开封菜,138.0
云夜悠长,2677,我爱开封菜,138.0
冰红猹猹猹,2593,我爱开封菜,138.0
万里的追寻者41043,2594,我爱开封菜,138.0
吾乃是中二病患者_369,1428,我爱开封菜,138.0
369TLzbS,2258,我爱开封菜,138.0
-aoiyama-,1766,我爱开封菜,138.0
00icarus,2000,我爱开封菜,138.0
百花未缭乱,2245,我爱开封菜,138.0
lkx3377456,19,我爱开封菜,138.0
天呐你可真二,1385,我爱开封菜,138.0
click或ph,1467,我爱开封菜,138.0
我能放一车的鸽子,2782,冰红猹猹猹,2593.0
AmiK_Y,2445,桃桃子南雲,3597.0
舒大帅好吧_427,721,click或ph,1467.0
舒大帅好吧_427,721,桃桃子南雲,3597.0
-aoiyama-,1766,镇京古意,3420.0
死鱼眼的扑腾,1121,桃桃子南雲,3597.0
siazzz,1967,369TLzbS,2258.0
k奇酱,1277,天呐你可真二,1385.0
星海化鱼OvO,1820,桂陵君,459.0
很休闲的玩家,1416,桂陵君,459.0
很休闲的玩家,1416,桂陵君,459.0
很休闲的玩家,1416,桂陵君,459.0
很休闲的玩家,1416,桂陵君,459.0
很休闲的玩家,1416,桂陵君,459.0
大毛球酱,600,桂陵君,459.0
十代喜欢MEIDY,591,桂陵君,459.0
zZjw0w,349,桂陵君,459.0
Be39_Gph,115,桂陵君,459.0
Be39_Gph,115,桂陵君,459.0
一定要谨慎提交昵称,1804,桂陵君,459.0
话唠专用矫正器,63,桂陵君,459.0
k奇酱,1277,很休闲的玩家,1416.0
k奇酱,1277,zZjw0w,349.0
k奇酱,1277,zZjw0w,349.0
银白色的咲墨,978,一定要谨慎提交昵称,1804.0
银白色的咲墨,978,很休闲的玩家,1416.0
不喷不禁快乐对线,1363,很休闲的玩家,1416.0
桂陵君,459,很休闲的玩家,1416.0
linuxer和笨兔兔,801,桂陵君,459.0
XMAOsama,1589,桂陵君,459.0
桂陵君,459,slcbara,3200.0
XMAOsama,1589,桂陵君,459.0
桂陵君,459,aidow,3300.0
桂陵君,459,最后一个欧皇,847.0
最后一个欧皇,847,桂陵君,459.0
桂陵君,459,slcbara,3200.0
XMAOsama,1589,桂陵君,459.0
桂陵君,459,一定要谨慎提交昵称,1804.0
桂陵君,459,一定要谨慎提交昵称,1804.0
桂陵君,459,一定要谨慎提交昵称,1804.0
桂陵君,459,Air_____G_____,2932.0
Be39_Gph,115,桂陵君,459.0
一定要谨慎提交昵称,1804,桂陵君,459.0
一定要谨慎提交昵称,1804,桂陵君,459.0
一定要谨慎提交昵称,1804,Sakunosaki,3303.0
一定要谨慎提交昵称,1804,桂陵君,459.0
桂陵君,459,丧尸受slcccc,3412.0
桂陵君,459,zZjw0w,349.0
桂陵君,459,天空木鱼,3770.0
桂陵君,459,Air_____G_____,2932.0
Be39_Gph,115,桂陵君,459.0
桂陵君,459,Sakunosaki,3303.0
桂陵君,459,Air_____G_____,2932.0
Be39_Gph,115,桂陵君,459.0
桂陵君,459,Air_____G_____,2932.0
桂陵君,459,一定要谨慎提交昵称,1804.0
桂陵君,459,美少女缓释胶囊,3208.0
有点蕉拙,1903,有点蕉拙,1903.0
君勿笑775,2273,姜阳升,2163.0
墨者千风,1069,姜阳升,2163.0
姜阳升,2163,墨者千风,1069.0
魏酒酒酒,2611,凯露单推人,1620.0
愣天堂嫩天堂,2363,囊同学的老父亲,321.0
并非轰然落幕,1931,不叫Cory叫叁秒,406.0
如若不见丶亦不念-20649,2279,不叫Cory叫叁秒,406.0
死鱼眼的扑腾,1121,不叫Cory叫叁秒,406.0
云夜悠长,2677,不叫Cory叫叁秒,406.0
冰红猹猹猹,2593,不叫Cory叫叁秒,406.0
神道天穹,2248,不叫Cory叫叁秒,406.0
万里的追寻者41043,2594,不叫Cory叫叁秒,406.0
银白色的咲墨,978,不叫Cory叫叁秒,406.0
江西若一医药科技有限公司,2518,不叫Cory叫叁秒,406.0
明镜止水Clearmind,2368,不叫Cory叫叁秒,406.0
明镜止水Clearmind,2368,不叫Cory叫叁秒,406.0
FE教大V影,2246,不叫Cory叫叁秒,406.0
任豚的爹,2335,不叫Cory叫叁秒,406.0
RodneyCw,2133,不叫Cory叫叁秒,406.0
光阴咖啡厅,885,不叫Cory叫叁秒,406.0
光阴咖啡厅,885,不叫Cory叫叁秒,406.0
不犯中二就犯病,1417,不叫Cory叫叁秒,406.0
Morty9999,1395,不叫Cory叫叁秒,406.0
Morthal莫萨尔,727,不叫Cory叫叁秒,406.0
fandoge1,2643,不叫Cory叫叁秒,406.0
如你安然,2144,不叫Cory叫叁秒,406.0
不叫Cory叫叁秒,406,AddamVelaryon,3343.0
陈长生的剑,2507,不犯中二就犯病,1417.0
-aoiyama-,1766,不犯中二就犯病,1417.0
晓言EX,2071,我给你一拳崽种,3446.0
摸鱼队长Arno11,1518,不犯中二就犯病,1417.0
PigMeatBun,1596,不犯中二就犯病,1417.0
孙笑川吧吧主,1345,不犯中二就犯病,1417.0
不叫Cory叫叁秒,406,耳朵收割者,2958.0
鱼古墓,2378,elpsyvam,2202.0
桐谷和人39467,1995,elpsyvam,2202.0
导演猴和自精猴,2647,elpsyvam,2202.0
ok啦桑不啦批泡,2240,FL_飞羽流星,783.0
FL_飞羽流星,783,冷了不会热,3231.0
就酱舍嗦,964,冷了不会热,3231.0
死鱼眼的扑腾,1121,三粒鸥,2260.0
云夜悠长,2677,三粒鸥,2260.0
万里的追寻者41043,2594,三粒鸥,2260.0
GiarlDxin,39,三粒鸥,2260.0
无聊的鱼94,1916,三粒鸥,2260.0
浐灞辉煌,606,三粒鸥,2260.0
冬川azusa,2572,三粒鸥,2260.0
挺之问原,1351,三粒鸥,2260.0
Linkxu,688,三粒鸥,2260.0
三粒鸥,2260,Linkxu,688.0
zacharyyyyyy,973,任地域,2476.0
风起鹤归--xj,2784,任地域,2476.0
yzhjtr,2765,任地域,2476.0
如你安然,2144,任地域,2476.0
瞌睡小K_,1046,任地域,2476.0
雨天日想,2779,任地域,2476.0
伊萌咔,2780,任地域,2476.0
Sweet_VioleT,486,任地域,2476.0
可怕的喵2333,1273,任地域,2476.0
万里的追寻者41043,2594,任地域,2476.0
灵华之城,1819,任地域,2476.0
linuxer和笨兔兔,801,任地域,2476.0
九淼淼淼淼淼,1708,任地域,2476.0
深海鳕鱼格莱尼,1882,任地域,2476.0
控北酱的绅士,867,任地域,2476.0
Kuri丶END,1458,任地域,2476.0
error1980,1383,任地域,2476.0
极品老仙伴您成长,1538,任地域,2476.0
嗯里漾,2138,任地域,2476.0
西蘩_,716,任地域,2476.0
我能放一车的鸽子,2782,极品老仙伴您成长,1538.0
下饭的奕泽,2785,极品老仙伴您成长,1538.0
黑鸭嗨哟,2778,极品老仙伴您成长,1538.0
kiuta-i,2642,极品老仙伴您成长,1538.0
云夜悠长,2677,极品老仙伴您成长,1538.0
空白ygnb,1799,控北酱的绅士,867.0
-Chariot,2105,error1980,1383.0
轻氪金的游民,2395,hike派,3692.0
寒亭秋水,2278,控北酱的绅士,867.0
银白色的咲墨,978,GxxxFu_k,3563.0
真呼名子,368,极品老仙伴您成长,1538.0
陆仁贾的炮兵乙,1065,控北酱的绅士,867.0
陆仁贾的炮兵乙,1065,linuxer和笨兔兔,801.0
极品老仙伴您成长,1538,宇宙最强生命体,2919.0
error1980,1383,GxxxFu_k,3563.0
不加糖小波,1627,error1980,1383.0
真呼名子,368,极品老仙伴您成长,1538.0
叶小凶丶,1684,error1980,1383.0
夏桐哦i,2086,error1980,1383.0
你怎么可以吃猪肉,2452,error1980,1383.0
error1980,1383,你怎么可以吃猪肉,2452.0
你怎么可以吃猪肉,2452,error1980,1383.0
CHANNEER,2532,极品老仙伴您成长,1538.0
饭圈孤儿集体暴毙,2036,error1980,1383.0
error1980,1383,天宇无轩,1553.0
天宇无轩,1553,error1980,1383.0
error1980,1383,天宇无轩,1553.0
天宇无轩,1553,error1980,1383.0
linuxer和笨兔兔,801,error1980,1383.0
任地域,2476,早上吃什么好,1530.0
Pancras_Loe盧鵬州,2477,error1980,1383.0
早上吃什么好,1530,error1980,1383.0
早上吃什么好,1530,error1980,1383.0
error1980,1383,早上吃什么好,1530.0
秋舔舔舔舔舔田犬,929,error1980,1383.0
Kotani_,810,error1980,1383.0
yuradesu,1707,error1980,1383.0
yuradesu,1707,error1980,1383.0
error1980,1383,yuradesu,1707.0
yuradesu,1707,error1980,1383.0
error1980,1383,醉筠子-不放弃本子,3013.0
error1980,1383,醉筠子-不放弃本子,3013.0
error1980,1383,Shen欧拉欧拉,3533.0
醉筠子-躺了,135,error1980,1383.0
error1980,1383,其实是个超可爱的魂淡,3621.0
今天想吃椒盐蘑菇,2413,error1980,1383.0
千帆幻尽,1736,Walkhorseee,1634.0
FisherSilk,1934,玫袂枚美海,3777.0
Kuri丶END,1458,error1980,1383.0
吃了萤火虫会发光吗,667,LFRitual,642.0
LFRitual,642,玫袂枚美海,3777.0
神威无敌本子教教主,2178,极品老仙伴您成长,1538.0
持长矛的少年,2666,error1980,1383.0
吃了萤火虫会发光吗,667,error1980,1383.0
error1980,1383,Walkhorseee,1634.0
Walkhorseee,1634,error1980,1383.0
error1980,1383,苍月潮2019,3060.0
持长矛的少年,2666,error1980,1383.0
夜貊月,2126,极品老仙伴您成长,1538.0
浐灞辉煌,606,情感巨人粉丝,3451.0
Silversky72276,2736,巨巨巨巨巨巨巨巨蟹蟹,387.0
不喷不禁快乐对线,1363,巨巨巨巨巨巨巨巨蟹蟹,387.0
一大颗大桔子,444,巨巨巨巨巨巨巨巨蟹蟹,387.0
巨巨巨巨巨巨巨巨蟹蟹,387,Silversky72276,2736.0
云夜悠长,2677,三倍速的夏亚,1039.0
k奇酱,1277,三倍速的夏亚,1039.0
Venus长板,1609,三倍速的夏亚,1039.0
Pancras_Loe盧鵬州,2477,三倍速的夏亚,1039.0
初时雨花落时,2561,三倍速的夏亚,1039.0
芙拉_flouri,184,三倍速的夏亚,1039.0
kono元宵哒,2482,三倍速的夏亚,1039.0
洛苏书,1915,三倍速的夏亚,1039.0
抗压王兜兜,1433,三倍速的夏亚,1039.0
UngIlRimOvO,2087,三倍速的夏亚,1039.0
一大颗大桔子,444,三倍速的夏亚,1039.0
双生喵,745,三倍速的夏亚,1039.0
薛定谔的摸鱼佬,2577,三倍速的夏亚,1039.0
Niflheim-Prime,1048,三倍速的夏亚,1039.0
别难为狗了_,1437,三倍速的夏亚,1039.0
是香音酱哦,2263,芙拉_flouri,184.0
轰隆隆的乌云啊,2314,芙拉_flouri,184.0
一大颗大桔子,444,Leotmo,2211.0
Leotmo,2211,味甘性凉,3708.0
三倍速的夏亚,1039,斩了斩了型机器人,3768.0
木凫连个洬,503,千树Erk,536.0
TwilightRainbow,1658,千树Erk,536.0
酒里一碗鱼,1881,千树Erk,536.0
银鹭与零食,2471,千树Erk,536.0
仁与梦,351,千树Erk,536.0
白玦,70,千树Erk,536.0
千树Erk,536,巩逸轩3280734025,3437.0
银白色的咲墨,978,千树Erk,536.0
千树Erk,536,巩逸轩3280734025,3437.0
银白色的咲墨,978,千树Erk,536.0
千树Erk,536,吕虞皖苏,3111.0
私设光激推bot,1640,千树Erk,536.0
千树Erk,536,吕虞皖苏,3111.0
私设光激推bot,1640,千树Erk,536.0
千树Erk,536,吕虞皖苏,3111.0
私设光激推bot,1640,千树Erk,536.0
千树Erk,536,TwilightRainbow,1658.0
千树Erk,536,convention酒盅鱼,3261.0
千树Erk,536,仁与梦,351.0
千树Erk,536,白玦,70.0
魏酒酒酒,2611,太原俊后生,1371.0
邱赵琳,2794,-Keo-,892.0
雨天日想,2779,-Keo-,892.0
沛县这个老六,2786,-Keo-,892.0
沛县这个老六,2786,-Keo-,892.0
就是诚明呀,1401,-Keo-,892.0
下饭的奕泽,2785,-Keo-,892.0
江小伟W,2489,-Keo-,892.0
一直用塞班不会玩安卓,418,-Keo-,892.0
Aeakoy,2423,-Keo-,892.0
微枫de叶,1142,-Keo-,892.0
郑萝北,569,-Keo-,892.0
舒大帅好吧_427,721,-Keo-,892.0
窝跌,2390,-Keo-,892.0
当中二病遇到文与艺,2553,-Keo-,892.0
垂死病中惊坐起感觉自己萌萌哒,1717,-Keo-,892.0
只字恒,1860,-Keo-,892.0
浅夏微凉51164,2733,-Keo-,892.0
配角_1900,2357,-Keo-,892.0
吾乃是中二病患者_369,1428,-Keo-,892.0
斯卡蒂_Skadi,1293,-Keo-,892.0
千枫枼,2751,-Keo-,892.0
非洲雷姆,2648,-Keo-,892.0
徐小夏在夏倦,373,-Keo-,892.0
这里素你不认识的人,654,-Keo-,892.0
月色真美你真皮,1935,-Keo-,892.0
白竹sugarbbb,2281,-Keo-,892.0
阿西_Ace,1751,-Keo-,892.0
ThatsallGeek,583,-Keo-,892.0
曾几何时的乡巴佬,28,-Keo-,892.0
雨蠢的雨,2060,-Keo-,892.0
Lost_2021,116,-Keo-,892.0
山野一井,1556,-Keo-,892.0
荒野之息2什么时候出,1431,-Keo-,892.0
没听说过的枪匠,1165,-Keo-,892.0
桐谷和人39467,1995,-Keo-,892.0
桐谷和人39467,1995,-Keo-,892.0
假面马男,2095,-Keo-,892.0
Anskil,1349,-Keo-,892.0
世界遺產兔子柴,903,-Keo-,892.0
寒冰长夜,1742,-Keo-,892.0
LingRxX,224,-Keo-,892.0
ulastering,2171,-Keo-,892.0
只有红茶可以妈,1821,-Keo-,892.0
吴亚为,429,-Keo-,892.0
风起鹤归--xj,2784,荒野之息2什么时候出,1431.0
EJoachim,2793,这里素你不认识的人,654.0
廷廷且重开66,527,鲁迅39712,2735.0
鲁迅39712,2735,timelorddoc,1859.0
鲁迅39712,2735,Decimeter,3585.0
老阔疼66962,2527,时间旅行机器,3138.0
徐小夏在夏倦,373,王赵刚12138,2522.0
王赵刚12138,2522,徐小夏在冬眠,3183.0
可怕的喵2333,1273,山野一井,1556.0
-Chariot,2105,楠杉楠楠楠,3591.0
M醉梦16026,2640,浅夏微凉51164,2733.0
舒大帅好吧_427,721,浅夏微凉51164,2733.0
760782掌缘生灭,1550,时间旅行机器,3138.0
斯卡蒂_Skadi,1293,RPG11972,2949.0
死鱼眼的扑腾,1121,苏木橙橙橙橙,3694.0
理想主义萨宝,2739,白竹sugarbbb,2281.0
理想主义萨宝,2739,苏木橙橙橙橙,3694.0
理想主义萨宝,2739,时间旅行机器,3138.0
理想主义萨宝,2739,Madefakeer,3526.0
饱饱的希希的机智哥哥,338,工乀丂,2302.0
工乀丂,2302,饱饱的希希的机智哥哥,338.0
仄丘月落,1703,时间旅行机器,3138.0
天天天天文学,2434,阿西_Ace,1751.0
浅夏微凉51164,2733,牧游尘03697,3393.0
浅夏微凉51164,2733,八百里分麾_下炙,3069.0
廷廷且重开66,527,吴亚为,429.0
廷廷且重开66,527,吴亚为,429.0
吴亚为,429,Decimeter,3585.0
廷廷且重开66,527,吴亚为,429.0
廷廷且重开66,527,吴亚为,429.0
云起衣飞扬777,2743,吾乃是中二病患者_369,1428.0
银白色的咲墨,978,八百里分麾_下炙,3069.0
吴亚为,429,Decimeter,3585.0
廷廷且重开66,527,吴亚为,429.0
银白色的咲墨,978,八百里分麾_下炙,3069.0
银白色的咲墨,978,八百里分麾_下炙,3069.0
银白色的咲墨,978,八百里分麾_下炙,3069.0
银白色的咲墨,978,八百里分麾_下炙,3069.0
银白色的咲墨,978,八百里分麾_下炙,3069.0
银白色的咲墨,978,八百里分麾_下炙,3069.0
银白色的咲墨,978,八百里分麾_下炙,3069.0
银白色的咲墨,978,八百里分麾_下炙,3069.0
银白色的咲墨,978,八百里分麾_下炙,3069.0
银白色的咲墨,978,八百里分麾_下炙,3069.0
银白色的咲墨,978,Liebriel,2690.0
银白色的咲墨,978,八百里分麾_下炙,3069.0
银白色的咲墨,978,八百里分麾_下炙,3069.0
Liebriel,2690,山野一井,1556.0
Liebriel,2690,山野一井,1556.0
山野一井,1556,Liebriel,2690.0
心碎下雨夜,1613,吾乃晓天,3568.0
manami的吉他,1512,吴亚为,429.0
吴亚为,429,-月歌-,2990.0
吴亚为,429,-月歌-,2990.0
manami的吉他,1512,吴亚为,429.0
吴亚为,429,-月歌-,2990.0
manami的吉他,1512,吴亚为,429.0
吴亚为,429,-月歌-,2990.0
manami的吉他,1512,吴亚为,429.0
manami的吉他,1512,吴亚为,429.0
吴亚为,429,-月歌-,2990.0
manami的吉他,1512,timelorddoc,1859.0
manami的吉他,1512,吴亚为,429.0
PhoenixKira沈超,344,丁养乐多,3074.0
荒野之息2什么时候出,1431,牧羊犬司马,3702.0
Y口十子,7,有德79,1930.0
吴亚为,429,为你著缨,2142.0
为你著缨,2142,吴亚为,429.0
吴亚为,429,为你著缨,2142.0
为你著缨,2142,吴亚为,429.0
卢飞e72139,1913,只有红茶可以妈,1821.0
凉风Youx1n,2035,Rayn2_Dawn2,1262.0
Rayn2_Dawn2,1262,反派恶人,3242.0
透kun,1314,有德79,1930.0
杭电李相赫,2089,Rayn2_Dawn2,1262.0
有德79,1930,透kun,1314.0
透kun,1314,有德79,1930.0
有德79,1930,透kun,1314.0
timelorddoc,1859,Rayn2_Dawn2,1262.0
默默依风,266,透kun,1314.0
透kun,1314,默默依风,266.0
透kun,1314,默默依风,266.0
透kun,1314,有德79,1930.0
有德79,1930,透kun,1314.0
默默依风,266,透kun,1314.0
透kun,1314,有德79,1930.0
透kun,1314,桐谷和人39467,1995.0
透kun,1314,默默依风,266.0
透kun,1314,Rayn2_Dawn2,1262.0
可以去你问,1923,只有红茶可以妈,1821.0
不高兴的unhappy,668,TIRLUS,3046.0
D0uble_CheeseBurger,362,Rayn2_Dawn2,1262.0
饱饱的希希的机智哥哥,338,吴亚为,429.0
吴亚为,429,饱饱的希希的机智哥哥,338.0
饱饱的希希的机智哥哥,338,吴亚为,429.0
吴亚为,429,饱饱的希希的机智哥哥,338.0
饱饱的希希的机智哥哥,338,桐谷和人39467,1995.0
饱饱的希希的机智哥哥,338,吴亚为,429.0
饱饱的希希的机智哥哥,338,LingRxX,224.0
PhoenixKira沈超,344,丁养乐多,3074.0
洛书_Anson,124,Rayn2_Dawn2,1262.0
G战车大肥肠_MFFL,848,Rayn2_Dawn2,1262.0
Rayn2_Dawn2,1262,G战车大肥肠_MFFL,848.0
G战车大肥肠_MFFL,848,Rayn2_Dawn2,1262.0
Rayn2_Dawn2,1262,G战车大肥肠_MFFL,848.0
G战车大肥肠_MFFL,848,Rayn2_Dawn2,1262.0
凯伊酱被爆破了,2114,鵺梦花火,2860.0
HA_HA_HA-,939,丁养乐多,3074.0
吃了萤火虫会发光吗,667,有德79,1930.0
有德79,1930,玫袂枚美海,3777.0
吃了萤火虫会发光吗,667,有德79,1930.0
吃了萤火虫会发光吗,667,有德79,1930.0
有德79,1930,玫袂枚美海,3777.0
有德79,1930,玫袂枚美海,3777.0
有德79,1930,玫袂枚美海,3777.0
吃了萤火虫会发光吗,667,有德79,1930.0
吃了萤火虫会发光吗,667,有德79,1930.0
吃了萤火虫会发光吗,667,有德79,1930.0
有德79,1930,玫袂枚美海,3777.0
有德79,1930,玫袂枚美海,3777.0
吃了萤火虫会发光吗,667,有德79,1930.0
吃了萤火虫会发光吗,667,有德79,1930.0
有德79,1930,玫袂枚美海,3777.0
有德79,1930,玫袂枚美海,3777.0
吃了萤火虫会发光吗,667,有德79,1930.0
有德79,1930,玫袂枚美海,3777.0
L_Wanna,1408,Rayn2_Dawn2,1262.0
吃了萤火虫会发光吗,667,有德79,1930.0
继续我的征程,2167,世界遺產兔子柴,903.0
Rayn2_Dawn2,1262,潘达利亚的纳豆,3281.0
马切洛洛洛洛洛,2172,Rayn2_Dawn2,1262.0
世界遺產兔子柴,903,继续我的征程,2167.0
继续我的征程,2167,世界遺產兔子柴,903.0
阿熊爱吃瓜,2411,鵺梦花火,2860.0
不阳光宅男_Dmy,1344,明yuuuu,3001.0
月亮上的银杏树,2219,只有红茶可以妈,1821.0
桐谷和人39467,1995,Keo_Cheung,3301.0
暗影施法者-,1638,吴亚为,429.0
毂辘毂鲈,1554,鵺梦花火,2860.0
papapa肥猫,2227,啊嘞怀表怎么没有停,3032.0
积乱云的涂鸦,1254,鵺梦花火,2860.0
鵺之梦,145,镜花风铃,3508.0
积乱云的涂鸦,1254,鵺梦花火,2860.0
吴亚为,429,薛定谔的摸鱼佬,2577.0
恶犬恶犬,1594,吴亚为,429.0
Rayn2_Dawn2,1262,潘达利亚的纳豆,3281.0
马切洛洛洛洛洛,2172,Rayn2_Dawn2,1262.0
丨慕雪,1849,Keo_Cheung,3301.0
-Keo-,892,桐谷和人39467,1995.0
Rayn2_Dawn2,1262,黑暗膜法大祭司,1298.0
樱岛麻衣厨丶,2516,昵称到底怎么才可以用,3647.0
黑暗膜法大祭司,1298,Rayn2_Dawn2,1262.0
走运的猫,51,鵺梦花火,2860.0
樱岛麻衣厨丶,2516,昵称到底怎么才可以用,3647.0
鵺之梦,145,明yuuuu,3001.0
樱岛麻衣厨丶,2516,昵称到底怎么才可以用,3647.0
薛定谔的摸鱼佬,2577,吴亚为,429.0
樱岛麻衣厨丶,2516,吴亚为,429.0
404winds,2669,鵺梦花火,2860.0
Zzzeppelin,364,吴亚为,429.0
笑傲江湖李站长,1697,吴亚为,429.0
闻人琅,1597,吴亚为,429.0
吴亚为,429,北极圈不动产,3669.0
永冻豪宅,46,吴亚为,429.0
吴亚为,429,岸边露全,2101.0
岸边露全,2101,吴亚为,429.0
Canyougivemeonelastkiss,765,吴亚为,429.0
穷苦人63,2502,吴亚为,429.0
半音18,2437,吴亚为,429.0
-Keo-,892,吴亚为,429.0
彷徨的向日葵,508,哦伊哇伊伊,1549.0
菠萝198608,2702,哦伊哇伊伊,1549.0
万里的追寻者41043,2594,哦伊哇伊伊,1549.0
热带雨林Ambition,2297,哦伊哇伊伊,1549.0
先自罚一顿火锅,1334,哦伊哇伊伊,1549.0
我能放一车的鸽子,2782,热带雨林Ambition,2297.0
彷徨的向日葵,508,热带雨林Ambition,2297.0
雨天日想,2779,oO土豆泥O,2409.0
万里的追寻者41043,2594,oO土豆泥O,2409.0
callme_Joker,802,oO土豆泥O,2409.0
-aoiyama-,1766,oO土豆泥O,2409.0
忘玩,1372,oO土豆泥O,2409.0
就叫青医生吧,1035,oO土豆泥O,2409.0
墨稻梨殇,1495,oO土豆泥O,2409.0
不会编曲的小菜月,2017,oO土豆泥O,2409.0
倾城恋怀,2262,oO土豆泥O,2409.0
钱德乔伊罗斯看球赛,1699,oO土豆泥O,2409.0
脑浆蘑菇汤,1483,oO土豆泥O,2409.0
松饼加炼乳,1399,oO土豆泥O,2409.0
只有红茶可以妈,1821,oO土豆泥O,2409.0
assassin乂,2195,生活教会我不要开口,3582.0
银白色的咲墨,978,Liebriel,2690.0
银白色的咲墨,978,黑猫DARCY,1794.0
黑猫DARCY,1794,巩逸轩3280734025,3437.0
银白色的咲墨,978,黑猫DARCY,1794.0
jkdkdndmy,2540,Liebriel,2690.0
叶小凶丶,1684,松饼加炼乳,1399.0
钱德乔伊罗斯看球赛,1699,Y口十子,7.0
钱德乔伊罗斯看球赛,1699,Y口十子,7.0
Y口十子,7,DREWW-,3249.0
黑猫DARCY,1794,SAIKA晓月,3175.0
松饼加炼乳,1399,反派恶人,3242.0
还是看看远方的雪山吧,839,墨稻梨殇,1495.0
丨Mush丨,749,温州落魄商人黄某,1902.0
温州落魄商人黄某,1902,丨Mush丨,749.0
你害想咋滴,463,鵺梦花火,2860.0
一直用塞班不会玩安卓,418,SAIKA晓月,3175.0
WarfarinAnalogue,498,Alyssa的糖果,2148.0
吃了萤火虫会发光吗,667,Alyssa的糖果,2148.0
Alyssa的糖果,2148,WarfarinAnalogue,498.0
Alyssa的糖果,2148,玫袂枚美海,3777.0
WarfarinAnalogue,498,Alyssa的糖果,2148.0
吃了萤火虫会发光吗,667,Alyssa的糖果,2148.0
想香香的日日夜夜,575,Alyssa的糖果,2148.0
想要有只喵小,1295,Alyssa的糖果,2148.0
有时或,943,Alyssa的糖果,2148.0
Alyssa的糖果,2148,有时或,943.0
有时或,943,Alyssa的糖果,2148.0
Face是什么,1657,SAIKA晓月,3175.0
Face是什么,1657,Alyssa的糖果,2148.0
Alyssa的糖果,2148,穿拖鞋的烟,381.0
lkx3377456,19,只有红茶可以妈,1821.0
健身房常驻混子,1423,Alyssa的糖果,2148.0
夏姬八砍,1040,Alyssa的糖果,2148.0
momomoheiv,1484,Alyssa的糖果,2148.0
穿拖鞋的烟,381,Alyssa的糖果,2148.0
阳光下一清盏,1925,Alyssa的糖果,2148.0
BloodAshen,2253,松饼加炼乳,1399.0
Alyssa的糖果,2148,RULEHYF,3639.0
憨憨白莲勿扰,1921,米法永远是我老婆,3034.0
憨憨白莲勿扰,1921,Alyssa的糖果,2148.0
Alyssa的糖果,2148,RULEHYF,3639.0
憨憨白莲勿扰,1921,Alyssa的糖果,2148.0
憨憨白莲勿扰,1921,Alyssa的糖果,2148.0
松饼加炼乳,1399,MoonRiveRRRRRRRR,3772.0
Alyssa的糖果,2148,RULEHYF,3639.0
憨憨白莲勿扰,1921,Alyssa的糖果,2148.0
Alyssa的糖果,2148,RULEHYF,3639.0
憨憨白莲勿扰,1921,Alyssa的糖果,2148.0
Alyssa的糖果,2148,丧尸受slcccc,3412.0
Alyssa的糖果,2148,我妈说学做人要先听核,1480.0
我妈说学做人要先听核,1480,Alyssa的糖果,2148.0
龙猫放弃涮羊肉,1020,Alyssa的糖果,2148.0
灏帅,2376,松饼加炼乳,1399.0
Alyssa的糖果,2148,米法永远是我老婆,3034.0
龙猫放弃涮羊肉,1020,Alyssa的糖果,2148.0
Alyssa的糖果,2148,丧尸受slcccc,3412.0
Alyssa的糖果,2148,丧尸受slcccc,3412.0
Alyssa的糖果,2148,米法永远是我老婆,3034.0
Alyssa的糖果,2148,丧尸受slcccc,3412.0
龙猫放弃涮羊肉,1020,Alyssa的糖果,2148.0
Alyssa的糖果,2148,米法永远是我老婆,3034.0
龙猫放弃涮羊肉,1020,Alyssa的糖果,2148.0
Alyssa的糖果,2148,xch艾讴,1071.0
xch艾讴,1071,Alyssa的糖果,2148.0
Alyssa的糖果,2148,xch艾讴,1071.0
路向南MR,558,Alyssa的糖果,2148.0
xch艾讴,1071,Alyssa的糖果,2148.0
Alyssa的糖果,2148,乌海深水的画地为牢,3517.0
路向南MR,558,Alyssa的糖果,2148.0
Alyssa的糖果,2148,乌海深水的画地为牢,3517.0
Alyssa的糖果,2148,xch艾讴,1071.0
路向南MR,558,Alyssa的糖果,2148.0
Alyssa的糖果,2148,你一笑如花,1539.0
xch艾讴,1071,Alyssa的糖果,2148.0
Alyssa的糖果,2148,乌海深水的画地为牢,3517.0
Alyssa的糖果,2148,xch艾讴,1071.0
你一笑如花,1539,Alyssa的糖果,2148.0
xch艾讴,1071,Alyssa的糖果,2148.0
路向南MR,558,Alyssa的糖果,2148.0
路向南MR,558,Alyssa的糖果,2148.0
Alyssa的糖果,2148,乌海深水的画地为牢,3517.0
路向南MR,558,Alyssa的糖果,2148.0
Alyssa的糖果,2148,xch艾讴,1071.0
Alyssa的糖果,2148,乌海深水的画地为牢,3517.0
xch艾讴,1071,Alyssa的糖果,2148.0
路向南MR,558,Alyssa的糖果,2148.0
Alyssa的糖果,2148,奈礼_,3695.0
Alyssa的糖果,2148,夏亚知道该怎么做,3024.0
奈礼_谏山创我日你先人,859,Alyssa的糖果,2148.0
Alyssa的糖果,2148,怕不是个假黑猫喔,3651.0
薛定谔的摸鱼佬,2577,壮汉收割机丶,3255.0
Alyssa的糖果,2148,怕不是个假黑猫喔,3651.0
Alyssa的糖果,2148,怕不是个假黑猫喔,3651.0
Alyssa的糖果,2148,怕不是个假黑猫喔,3651.0
太空报纸,2116,壮汉收割机丶,3255.0
寒冰长夜,1742,只有红茶可以妈,1821.0
petalchaser,738,壮汉收割机丶,3255.0
凌驾了所有的西风,708,壮汉收割机丶,3255.0
DDDDDlno,186,囊同学的老父亲,321.0
小鸟游夏,1189,壮汉收割机丶,3255.0
小鸟游夏,1189,壮汉收割机丶,3255.0
DDDDDlno,186,Supreme觉皇,3578.0
普通少年林克,676,壮汉收割机丶,3255.0
囊同学的老父亲,321,秋小羊羊,3550.0
囊同学的老父亲,321,DDDDDlno,186.0
囊同学的老父亲,321,丨Mush丨,749.0
小栗丸旬太郎,1116,壮汉收割机丶,3255.0
某赫国炼金术师,829,壮汉收割机丶,3255.0
DDDDDlno,186,囊同学的老父亲,321.0
丨Mush丨,749,囊同学的老父亲,321.0
囊同学的老父亲,321,丨Mush丨,749.0
丨Mush丨,749,囊同学的老父亲,321.0
松饼加炼乳,1399,moseed,3057.0
囊同学的老父亲,321,丨Mush丨,749.0
终极自闭人,1611,松饼加炼乳,1399.0
松饼加炼乳,1399,moseed,3057.0
终极自闭人,1611,松饼加炼乳,1399.0
丨Mush丨,749,囊同学的老父亲,321.0
松饼加炼乳,1399,moseed,3057.0
囊同学的老父亲,321,丨Mush丨,749.0
终极自闭人,1611,松饼加炼乳,1399.0
囊同学的老父亲,321,丨Mush丨,749.0
一棵是梨树,1159,壮汉收割机丶,3255.0
oO土豆泥O,2409,壮汉收割机丶,3255.0
丨Mush丨,749,囊同学的老父亲,321.0
囊同学的老父亲,321,丨Mush丨,749.0
丨Mush丨,749,囊同学的老父亲,321.0
红豆泥红豆泥,2340,松饼加炼乳,1399.0
HelloSkyyy,1043,壮汉收割机丶,3255.0
松饼加炼乳,1399,红豆泥红豆泥,2340.0
囊同学的老父亲,321,丨Mush丨,749.0
松饼加炼乳,1399,丨Mush丨,749.0
丨Mush丨,749,囊同学的老父亲,321.0
红豆泥红豆泥,2340,松饼加炼乳,1399.0
松饼加炼乳,1399,红豆泥红豆泥,2340.0
丨Mush丨,749,松饼加炼乳,1399.0
红豆泥红豆泥,2340,松饼加炼乳,1399.0
囊同学的老父亲,321,丨Mush丨,749.0
松饼加炼乳,1399,丨Mush丨,749.0
丨Mush丨,749,壮汉收割机丶,3255.0
丨Mush丨,749,松饼加炼乳,1399.0
魔王的漫画书,1388,壮汉收割机丶,3255.0
LinkA199312,2686,壮汉收割机丶,3255.0
穷苦人63,2502,壮汉收割机丶,3255.0
松饼加炼乳,1399,穷苦人63,2502.0
穷苦人63,2502,松饼加炼乳,1399.0
松饼加炼乳,1399,穷苦人63,2502.0
穷苦人63,2502,松饼加炼乳,1399.0
Methanol-Diesel,1199,只有红茶可以妈,1821.0
穷苦人63,2502,只有红茶可以妈,1821.0
yzhjtr,2765,鸥洗恩,379.0
Liebriel,2690,鸥洗恩,379.0
下饭的奕泽,2785,鸥洗恩,379.0
CrazyFordreams82853,2536,鸥洗恩,379.0
445566ddff,1148,鸥洗恩,379.0
万里的追寻者41043,2594,鸥洗恩,379.0
万里的追寻者41043,2594,鸥洗恩,379.0
一只有梦想的狗纸,1499,鸥洗恩,379.0
禹馀道人65789,2758,鸥洗恩,379.0
任豚的爹,2335,鸥洗恩,379.0
MAKUKAISEI,229,鸥洗恩,379.0
恶意合格,1541,鸥洗恩,379.0
小兔猫雨叶,1498,鸥洗恩,379.0
米卫兵是脑瘫,628,鸥洗恩,379.0
林克尔desu,1865,鸥洗恩,379.0
想要有只喵小,1295,鸥洗恩,379.0
灰色情感的我,2391,鸥洗恩,379.0
生活不易摆烂不止,1338,鸥洗恩,379.0
乔乔的麋鹿,2218,鸥洗恩,379.0
樱岛麻衣厨丶,2516,鸥洗恩,379.0
寒冰长夜,1742,鸥洗恩,379.0
摸鱼摸鱼快摸鱼567,2401,鸥洗恩,379.0
347116109_4a68d3,889,鸥洗恩,379.0
网恋被骗700万,2382,鸥洗恩,379.0
asukakksk,660,鸥洗恩,379.0
AssassinCat_刺客猫,424,鸥洗恩,379.0
Cayde_7,1275,鸥洗恩,379.0
小凉小凉不欠打,301,鸥洗恩,379.0
wirzard1,2750,醇悟,906.0
RI小成,2389,网恋被骗700万,2382.0
HZQJSL,2570,索狗任豚的爹,3265.0
HZQJSL,2570,索狗任豚的爹,3265.0
丿皮丘不是皮球,2323,灰色情感的我,2391.0
等侑子的四一,762,FEIyuusetsuhi,2858.0
·杨蘑菇·,1425,樱岛麻衣厨丶,2516.0
oDanco,2369,347116109_4a68d3,889.0
为你著缨,2142,网恋被骗700万,2382.0
键盘给我,1520,灰色情感的我,2391.0
李琥珀的外八小短腿,1208,灰色情感的我,2391.0
sex反转异装癖lesbian,1887,樱岛麻衣厨丶,2516.0
linuxer和笨兔兔,801,网恋被骗700万,2382.0
黑猫DARCY,1794,灰色情感的我,2391.0
一天一百小时93406,2313,灰色情感的我,2391.0
马蹄轩,2447,硬币9982号,1286.0
骑着蜗牛追海马,520,Luvimitin,3381.0
醇悟,906,TachibanaMunashige39973,2503.0
TachibanaMunashige39973,2503,醇悟,906.0
Clown1008,11,灰色情感的我,2391.0
硬币9982号,1286,网恋被骗700万,2382.0
Respect_SW,1013,灰色情感的我,2391.0
墨灬淡,2042,灰色情感的我,2391.0
Hi洪双喜,312,灰色情感的我,2391.0
醇悟,906,网恋被骗700万,2382.0
叶不二叽,715,Luvimitin,3381.0
烧烤是只汪,1904,灰色情感的我,2391.0
今天想吃椒盐蘑菇,2413,灰色情感的我,2391.0
莉可没睡醒,1548,灰色情感的我,2391.0
木一旦小,2372,灰色情感的我,2391.0
月下55555,2359,寒冰长夜,1742.0
asukakksk,660,大Diu儿,2185.0
大Diu儿,2185,Luvimitin,3381.0
苟豁,2255,网恋被骗700万,2382.0
最后一个欧皇,847,蕉你做人,1249.0
Face是什么,1657,网恋被骗700万,2382.0
GiarlDxin,39,347116109_4a68d3,889.0
GiarlDxin,39,吴旁骛,2946.0
黑白彩色金,1036,网恋被骗700万,2382.0
paxx21-,1290,灰色情感的我,2391.0
Chiaki_14,2033,小凉小凉不欠打,301.0
精力茄子A,951,灰色情感的我,2391.0
灰色情感的我,2391,善刀藏,3189.0
精力茄子A,951,灰色情感的我,2391.0
Epilogue_RA9,2189,Luvimitin,3381.0
蕉你做人,1249,网恋被骗700万,2382.0
灏帅,2376,DeahKnight,3650.0
snakeYD,1765,网恋被骗700万,2382.0
网恋被骗700万,2382,snakeYD,1765.0
灏帅,2376,法海爱一休,1618.0
法海爱一休,1618,网恋被骗700万,2382.0
小凉小凉不欠打,301,杀杀Keithy,1271.0
杀杀Keithy,1271,小凉小凉不欠打,301.0
snakeYD,1765,网恋被骗700万,2382.0
小鸟游夏,1189,347116109_4a68d3,889.0
罐装红豆泥,1757,今天充值信仰了吗,1317.0
今天充值信仰了吗,1317,罐装红豆泥,1757.0
罐装红豆泥,1757,小凉小凉不欠打,301.0
穷苦人63,2502,AssassinCat_刺客猫,424.0
AssassinCat_刺客猫,424,衹是友人,3254.0
只是link,1280,AssassinCat_刺客猫,424.0
千瞿,1582,hakumei_surfing_ver,796.0
董欣洁1226,1448,hakumei_surfing_ver,796.0
云夜悠长,2677,兔纸今天能摸到鱼吗,2200.0
古見硝子_,1727,兔纸今天能摸到鱼吗,2200.0
人形自走制冷机器,1285,兔纸今天能摸到鱼吗,2200.0
lkx3377456,19,兔纸今天能摸到鱼吗,2200.0
焦糖-_-,158,兔纸今天能摸到鱼吗,2200.0
蜀黍今天也要努力,1547,兔纸今天能摸到鱼吗,2200.0
男人的浪漫是剑风传奇,852,兔纸今天能摸到鱼吗,2200.0
Aki是乌龟,1685,兔纸今天能摸到鱼吗,2200.0
看我弹死你这个猪皮,1257,兔纸今天能摸到鱼吗,2200.0
CHANNEER,2532,人形自走制冷机器,1285.0
V我50送赛博垃圾,728,lkx3377456,19.0
山楂制品琪琪子,731,沙奈朵的裙底到底有什么,3322.0
山楂制品琪琪子,731,怕事先改名shaw,3237.0
山楂制品琪琪子,731,沙奈朵的裙底到底有什么,3322.0
兔纸今天能摸到鱼吗,2200,里昂x裘达斯,3672.0
兔纸今天能摸到鱼吗,2200,沉迷艾欧泽亚的菜菜啊,3497.0
兔纸今天能摸到鱼吗,2200,沙奈朵的裙底到底有什么,3322.0
男人的浪漫是剑风传奇,852,怕事先改名shaw,3237.0
Aki是乌龟,1685,怕事先改名shaw,3237.0
兔纸今天能摸到鱼吗,2200,沉迷艾欧泽亚的菜菜啊,3497.0
兔纸今天能摸到鱼吗,2200,沙奈朵的裙底到底有什么,3322.0
淐馮,2435,元首的胖次00658,2629.0
云夜悠长,2677,万里的追寻者41043,2594.0
花月歌浮舟,2797,Akoi,2933.0
原神忠粉,2170,原神,3641.0
DodLIke刂兆,1692,_恭弥大人_,2915.0
wangxorz,1270,b1gcatttttttttt,2927.0
葱花不开花,2456,相生栗子,3371.0
咦我昵称哪去了,1570,焱瞮,3023.0
圈圈喵酱,1321,鹿凛sama,3259.0
古韵流年5675516293,1743,原神,3641.0
YZM27368,2480,原神,3641.0
少女不到80斤,378,像风雨像空气,3718.0
OoooneDay,260,李三辣,3486.0
没头脑吔不高兴,1842,青青子w,2948.0
为昵感动,769,有妖气原创漫画梦工厂,3131.0
AirBrighton,952,原神,3641.0
你好鬼厉先生,278,小星空吃土豆,2851.0
TheXgoisw,2720,卧栏听风笛,3045.0
小叻ROKA,451,木愈myu,3135.0
煎饼的红领巾更鲜艳了,832,贫贱居士,3317.0
糖葫芦不酸吖,884,大师不正经,2977.0
元气燃烧卡路里,2488,森森核桃喵,2866.0
Chersan_,454,陈消沉_,3677.0
Vincent___威少,781,如果告别-能不能再见,2912.0
lucks00,1590,善良伊峙总司1994,3310.0
vic豹,1497,阿千我是阿昭啊,3073.0
米卫兵没有马76320,2745,芒种Quarz,3328.0
米卫兵没有马76320,2745,芒种Quarz,3328.0
青春纪念12138,2266,happiNess車學沇資源博,3119.0
_Drm丶梦想,1516,种草小妲己,3752.0
神女控5542376338,1574,原神,3641.0
善良温柔又纯洁的鹤叔叔,1607,我还不想长大,2937.0
兵长死面瘫,882,任天堂香港有限公司,3042.0
卡卡西的白毛浮绿水,1217,任天堂香港有限公司,3042.0
白雨幽花松间露,1781,bilibili菜鸡桌子,2889.0
hoshif_星风,798,艾梦诗同学,2862.0
Sapphire_Dias_Phoenix,273,任天堂香港有限公司,3042.0
啪la啪la芃,2349,大橙子行_天下,3577.0
伊晗韵poi,694,撩人的胖大海,3373.0
盐煮菠萝,2697,任天堂香港有限公司,3042.0
有才Keith,307,哥比巴黎欧莱雅更懂女孩,2826.0
Pancras_Loe盧鵬州,2477,腾讯WeGame,3219.0
万能小段JDuan,1552,萨塔妮亚,2803.0
团成个大球,339,_妹抖萝卜,2816.0
斯蒂芬徐,8,淡幽轻舞,3036.0
小天使的翅膀硬了你来打我啊,1426,Evenplan,3710.0
喵诗人nya,1906,任天堂香港有限公司,3042.0
不瞎折腾不舒服斯基,81,任天堂香港有限公司,3042.0
E1ectricChair,1958,知任CHS,3499.0
willlee316,374,酱油懒,2870.0
储物箱有猪,570,任天堂香港有限公司,3042.0
易超,793,11和C,2881.0
老老老老老那啊,1158,我再也不想写代码了,2928.0
_肉山小魔王-此号已废,156,任天堂香港有限公司,3042.0
黑瞳过年,112,任天堂香港有限公司,3042.0
什么时候长尾巴-,89,任天堂香港有限公司,3042.0
飯後失神P,231,任天堂香港有限公司,3042.0
Halooz,1709,Bursonnnn,3213.0
王阿口Echo0O,298,你这么没种怎么做我的二当家,256.0
眼科学员,1296,任天堂香港有限公司,3042.0
DEANSZH,1359,任天堂香港有限公司,3042.0
iiiaao,601,任天堂香港有限公司,3042.0
一及万亿,1364,YYJturbo,3193.0
Lu5h1ife,489,_西霖,3124.0
铜仁铝精神状况观测中心分院,1339,任天堂香港有限公司,3042.0
康Connoronnoc,635,任天堂香港有限公司,3042.0
喵了个咪喵喵喵喵,404,任天堂香港有限公司,3042.0
铁胆高铁侠,538,圣诞节73362,2931.0
-YanHal-,517,叶靖先生,2963.0
NNightRaven,743,任天堂香港有限公司,3042.0
矬謉_Jason,1435,任天堂香港有限公司,3042.0
踏海行者,1259,任天堂香港有限公司,3042.0
林克没有时间,53,或许命运的签x,3280.0
想和小羊去吹风,2024,阿斐今天欧气了吗,3588.0
五年高考三年模拟江浙沪分销,843,任天堂香港有限公司,3042.0
假行僧may,831,fubukiqueen,3307.0
為愛麗絲塗油,577,任天堂香港有限公司,3042.0
西伯利亚著名猪头,1890,任天堂香港有限公司,3042.0
喵咪北胞,279,墨菲的面包与猫,3662.0
moyorl,1279,任天堂香港有限公司,3042.0
moyorl,1279,NS新闻速报,3377.0
野鸭子与香烟,341,上官牛腩粉,3675.0
我永远喜欢天女目瑛,1779,任天堂香港有限公司,3042.0
我永远喜欢天女目瑛,1779,任天堂香港有限公司,3042.0
登总的猫要叫仙贝,2412,周老师唯一指定课代表,3458.0
里几,267,你睿大王,3323.0
bgo天下第一,1355,任天堂香港有限公司,3042.0
踏海行者,1259,任天堂香港有限公司,3042.0
起风了alive,1177,菠萝Serpent,3479.0
Terry_1231,2342,米哈游,3474.0
立志和老番茄成为校友,1489,坚信会在UCR实现梦想,3181.0
不知52010,1836,原神,3641.0
GanChongren,509,原神,3641.0
酒一烟和我不搭,785,广东发布,3583.0
兔喵酱的幻想,757,原神,3641.0
颜霞-旅游体验师,2075,链英会一哥,3041.0
胡莱的右手,1333,原神,3641.0
风一样的小阿呆,1117,原神,3641.0
琥珀h7p9,2479,原神,3641.0
i唐唐唐唐唐唐,750,nnniewenn,3652.0
叫某人丶,560,孤君傲帝,3762.0
Helo青蛙斗舞,1456,心意,3145.0
炯炯有神的盲果,2081,咂咂咂嘿嘿,2905.0
Dear南笙姑娘,1223,安琪儿的木马转呀转,3681.0
勿念无餍,2029,斯祥丶,2831.0
jdjdj6327195968,2282,原神,3641.0
病娇毒舌狂三酱02806,2661,崩坏3,3473.0
花丶若酔,1203,灯九九九九,3510.0
鹿王鹿,1974,京东电脑数码,2821.0
M一颗洋葱,457,难道我的微博名不够长咩,3340.0
工口大灰,365,失踪的雷达,3454.0
R丶尺子,1535,这就很二次元,3609.0
MelancholyZmon,445,绝对四维少女,2890.0
Oooooooooooops,742,大菌同学,3009.0
宫保鸡丁517,2722,凤舞198008,3556.0
三山四海兔江湖,946,小吖嘛小锦鲤,2994.0
随便的网名_,1310,百度知道日报,3493.0
随便的网名_,1310,百度知道日报,3493.0
随便的网名_,1310,微博图片现场,3344.0
随便的网名_,1310,百度知道日报,3493.0
政泪,1320,哔哩哔哩娘,3169.0
赶快叫我起床吧,662,佐罗扣篮,3064.0
_芊芊芝莉_,870,MoMo若开,3409.0
__雪儿_,529,简单的做个二货,3101.0
一颗水泡饼饼,581,CMiggie,3368.0
sid456838,37,围脖小生,3696.0
胡吃海喝的胖伙计,117,Harlehn,3735.0
此人核无趣,182,伍俊鹏daniel,2852.0
花果要早睡早起,1632,吞进一颗葡萄籽,3048.0
伊东酱,1917,涂鸦酱dy,3204.0
夜浊无归路tt,2242,大啊哒哒哒大黄,3319.0
叁漆贰拾一,1817,酸萝卜必吃,3495.0
香菜跑了,2601,钮茗茵漆雕,2836.0
忧鱼与熊掌,1313,襟上花r,3657.0
樱木仙道13_Phoenix,674,后起之秀911,3395.0
咖喱是阿三,1633,你的衬衫是不是租出去了呢zdy77,3163.0
职嘛开花节节高,2420,疯疯语,2999.0
大美丽的小锦鲤,2441,星海岸环球旅拍,3766.0
胡同酱肉,465,游侠网,2976.0
乖乖宝宝一枚,2457,喵喵很困呀,3203.0
佐佐木了啊,2654,海尔定制,3468.0
佐佐木了啊,2654,阿狸,3070.0
Yinyangshi66,1702,黑色卍守望19824,3232.0
辰魂112,1370,有个男孩叫皓轩呀,3737.0
乌林乌森,250,_两号_,3139.0
没茶的小茶壶,680,没肉的小肉包,2979.0
DdeJaVuuuuuuuuu,1580,Aya_S,3358.0
晴玖玥,2022,半半子_,3714.0
风吟剑磬,1591,王山而木木木,3644.0
幻有梦现_,928,胖虎0601,3505.0
春风拂面夜色正浓,2625,米歇尔Impreza,3215.0
维尔cheers,633,星之迟迟,2871.0
OK小团长-,148,老黄仁儿,3160.0
OK小团长-,148,憨憨是个吃货,3406.0
湖工软件工程1802班团支部,2578,欢眠,1566.0
some丶mo,2537,原神,3641.0
我想中一次奖,872,我想要二哈,3562.0
十香Princess2018,2370,糖醋SAO排骨,3627.0
超级男孩Hero,1587,大亨,2972.0
社畜寻酱,281,终日幻想,2805.0
道枝一树,2197,斋藤飛行,3142.0
小小嘿-,1897,椿雪-flory,2898.0
Ghost-sky,245,铃酱INIIND,2849.0
Unforgiveable70756,2718,KianaKaslana58529,2719.0
KianaKaslana58529,2719,Unforgiveable70756,2718.0
世界任务完成了吗,2637,Chico安小囧,3362.0
小宝宝无敌了,2631,聚美优品福利君,3172.0
我真的是一只小恐龙啊,95,熊本科技,3367.0
BiBYAk,2108,聚美优品福利君,3172.0
诹访神子,1021,黒羽燐音,3099.0
天都幽兰,2294,RDQAQ,3078.0
忧鱼与熊掌,1313,襟上花r,3657.0
团成个大球,339,_妹抖萝卜,2816.0
被簇拥着的寂寞,746,火箭少女101_赖美云,3153.0
龍丶殇冰,251,testlongyuan,3253.0
北凉道白衣,2680,原神,3641.0
XieScorpio,1470,不要问我为什么在这里名字这么长,3774.0
芙芙kira,1086,爱吃巴沙鱼的BSY,3614.0
双山之后花园,2685,甜美冰凌酱酱,3722.0
神33040,1441,新浪娱乐,3006.0
F秋天的秋田犬,2651,扶贫大佬,3649.0
八瓜015,2693,头顶胖次的菲酱,3520.0
柒夏醉梦尘,1891,JackHZQ,2804.0
Phan晓鸦,1088,ASTRO72261,2823.0
看大猫喵喵喵,2180,似幻梦_Dream,2843.0
给大佬递冰阔落,555,Edccqqq,3667.0
老年人刚通网,2355,Ego_TDC24,3431.0
冷眸---Sou,1369,Lee丶yb,3295.0
墨蓝TF,1739,珈百璃大人,3212.0
墨蓝TF,1739,想中一次奖555,3044.0
KIAAAAAAAA,1258,满怀希望的信仰,3239.0
o唯爱V,1127,bilibiliyoo贩卖姬,3776.0
默默路过的蓬蒿人,2054,妩媚小奈,3330.0
九处,472,青山微恙,3704.0
lovepeacemusic1314,2203,奔奔是个小毛球,3432.0
安澈c,356,跌跌撞撞才明白了许多1226,2924.0
错过你笑,545,泻药人在火星刚下飞船,3091.0
__CICC__,222,欢欢是个小狮子,3405.0
Ray_约定湘南,490,Ray_YiLong冲鸭,3094.0
火耀天穹,1267,圣基团团长Saber,3574.0
终极鱿鱼香蕉牛奶象拔蚌,2155,任天堂香港有限公司,3042.0
喵和仓鼠是一家,140,我是你晗大大,3780.0
17173轩辕,400,范小shuai,3246.0
NESTSIGNIZ,658,zASVA,2922.0
三千路云月73629,2470,笑成沙雕了,2970.0
来自B站的金克丝,1024,游戏圈逗比君,3656.0
Antares1906,22,苻悠,2953.0
tangjiahua26344,2618,崩坏三,2951.0
钥匙会落地,1019,AcFun弹幕视频网,3176.0
佐佐木了啊,2654,飞碟说,3238.0
中了大家发,2696,原神,3641.0
BiBYAk,2108,安兔兔,3251.0
小宝宝无敌了,2631,原神,3641.0
我真的是一只小恐龙啊,95,安兔兔,3251.0
禹声魅夜,709,我真的是一只小恐龙啊,95.0
猪啊豪,409,就是个少女,3430.0
有栖川橙子,2247,原神,3641.0
SvS小雨10032,916,Preshime,3659.0
不要再吃糖了啊_,851,东东不在,3466.0
N1ve,1825,原神,3641.0
阿尔法雨果,1955,一枚搞机的原子弹,3365.0
复方晚公子,869,步月来兮缓缓归,3375.0
掰筷子,1406,不会冻,3560.0
鸩约QwQ,2268,原神,3641.0
chelly丶,199,最蟀大脸猫a,3632.0
QQ08097,2243,新华视点,3758.0
Popure_,443,Yukkuri_,3161.0
狭缝中的光芒,2563,原神,3641.0
狭缝中的光芒,2563,崩坏3,3473.0
穿刺术,1457,AcFun弹幕视频网,3176.0
我不是你的可爱吗,2373,猪蹄爱搓泥,3233.0
即将燃尽的红莲,1461,小小小饿鱼,3293.0
Beloved_Blood,616,叮当凤儿槑又槑,3679.0
孤剑丶kkk,2023,逆水寒,3600.0
孤剑丶kkk,2023,帝烨大大,2839.0
Lemon-小猴子,579,咆哮之星,3222.0
進擊的暖寶寶-T_T,165,和_哥Gor,3392.0
poi的提督,1624,戰五渣的BIBIA,3448.0
Dark逆,646,花小泉杏_,3404.0
向着太阳奔跑吧,401,赵家的山河,3363.0
林林林有雪,1811,21世纪的大文豪,3186.0
容我时醒时醉,1869,老夫和千秋永远在一起,3518.0
itharius-,2478,任天堂香港有限公司,3042.0
易超,793,11和C,2881.0
DaftStone,412,msn之魂,2886.0
让世界变得更热闹吧,1061,Makthing,3065.0
满岛黑黑黑,2326,哪里都假装不正经,3633.0
二十三年雨,1719,清泉缓缓枫流丹,3720.0
打游戏的小李,302,Saiya-jin,3683.0
注销990011232,392,表里不是熊,2942.0
二三六猫眼,1754,欧不起来iAi,3166.0
昊哥昊哥耗,638,花盆栽柳树谁也拦不住,3285.0
别说了蚌埠住了,2208,原神,3641.0
多啦Li萌,675,爱吃紫薯的背心儿,3133.0
人群中的小黑,1593,崩坏3,3473.0
报于桃花,2210,不愿透露姓名的photographer,3020.0
Centity,876,-Miserable-,3544.0
昨天炖的鱼,134,阿崇T,2837.0
不抽烟CHIRS,772,原神,3641.0
Mona-忬嵐,1839,曲奇饼干耶,3168.0
凄凄惨惨戚戚年年朝朝暮暮,2597,ZiYuZhuooo,3638.0
让我无法抗拒的一次旅行,2596,小小捌陆後,3471.0
他他达拉菲草莓味冰激凌凌凌凌,319,小小钢马甲,3282.0
一班萌萌哒嘴嘟嘟的幼崽,2600,小小钢马甲,3282.0
赠与你的山茶花,1847,18制药守护爱心李双节,2812.0
局外者动力羊,2100,纯_简_拉基_茨德,3622.0
你咋这么你为啥,1926,仙剑-后会有七,3398.0
芬forLOVE,666,I雷大妈I,3364.0
花果要早睡早起,1632,金瑶you,3728.0
啊烽烽烽,932,原神,3641.0
就是把不爱吃鱼,941,仙人掌没有糖,3567.0
白米饭叔叔,1770,原神,3641.0
诶原来是你喔,2343,Shiro万虫虫,3035.0
诶原来是你喔,2343,Kohzee,2846.0
我什么时候能遇到心软的财神爷,2383,为了能当锦鲤,3157.0
我真的是一只小恐龙啊,95,爱改名的狸酱,3572.0
我真的是一只小恐龙啊,95,爱拆快递的熊姐,3701.0
我真的是一只小恐龙啊,95,禹声魅夜,709.0
小宝宝无敌了,2631,毛小星Ryan,3306.0
小宝宝无敌了,2631,毛小星Ryan,3306.0
BiBYAk,2108,吃不胖的小5,3653.0
BiBYAk,2108,禹声魅夜,709.0
禹声魅夜,709,樱花社官博,2956.0
禹声魅夜,709,英伟达游戏,3623.0
瞌睡的貓DrowsyCat,1091,不给滚,3333.0
朱子彧2333,1564,没什么嘻嘻哈哈了,3336.0
重庆Chika酱,537,重庆Ruby酱,3084.0
Yan-zitiao,36,BestHaruko,3538.0
张吖吖吖丫,1756,山海与天丷,3128.0
萌萌的小财哥丶,651,辣条百味丝,3029.0
健身环小冒险,234,引燃大爆炸,2944.0
哎呀sizn,1875,那天的我ui,3106.0
-Violet_Evergarden-,659,AcFun弹幕视频网,3176.0
劳拉Candy糖糖,2214,晨光Land,3634.0
狼小灬灰,327,cost_to_cost,3015.0
燃烧de狒狒,18,李晨钟啊-,3769.0
不止夕阳近黄昏,1832,阿拉斯加懂了吧,3535.0
tjdd1,1311,汪汪丶Soralic,3755.0
SaigusaHaruka,1030,大约是滩废水啦,3498.0
纯洁善良温柔小绵羊咩,734,邪恶不坏：这即视感也太强了吧我的天[允悲],3703.0
绝缘_逻辑,69,白敬亭,2934.0
可乐沫的夏天,1162,YZL-CHL,3062.0
可乐沫的夏天,1162,泛式,3229.0
我超级喜欢华子哥哥,1170,梅子童学,3592.0
超级抠的华子的同事,32,矜持的白骑士,3257.0
明眸皓月_,1947,送葬staly,3376.0
hikikomori咯,650,松坂峰,3601.0
作死还是不会死,1688,今天也是猫耳,3269.0
星冉泽银,1002,莫挨老子9102,2991.0
神烦g916,2061,米哈游miHoYo,3399.0
无以言语的弱,2304,正经的哼汰桑,2829.0
名叫菜月昴的骑士,901,凯凯凯凯凯凯凯Cat丶,3207.0
寂灭千星_776,956,反犬TDog,3643.0
嚻嚻94746,2364,NaiveFrog丶,3190.0
谁染青衣沫肆雪,1506,天天卡牌,3516.0
yilililii,865,叛逆性百万亚瑟王,3177.0
MO_o233,752,网易电竞NeXT,3545.0
活死_猫,1080,我寄愁心与明月914,3342.0
心镜D,1511,一碗肉很多的皮蛋瘦肉粥,3725.0
全都给我木达木达,1215,八雲家的冰糖橙,3144.0
春和景明云淡风清,1167,幸福的hzz189,3460.0
余尧吉,207,罐头鲍,3378.0
侯富友1999,1990,崩坏3,3473.0
真新镇的大木博士,540,惹惹惹敲破锣,3132.0
奶爸雪过云清,131,蝴蝶爱上沧海,3150.0
零一灵依泠,1786,娱乐用万能天使,1442.0
娱乐用万能天使,1442,原神,3641.0
永远都是温迪厨,1715,被封号的eilinna,3385.0
-夫_子-,167,上官晨宸,3401.0
殇璃51089,2558,啵啵有四片叶子的草,2879.0
无世玉,2708,原神,3641.0
残月SongYT,2595,叶子的脉络,3624.0
春寒故梦,2045,平山怀壳_825,3311.0
小温迪的哥哥,2610,惬意的中军,3480.0
三釖瑬,1227,_Novelance,2869.0
南轲太守,1111,blacealy,3660.0
离坤晋也,1622,晚风吻尽荷蘤叶,3247.0
没有昵称的zyk,1174,左右丶ZY,3767.0
張家_四少,461,张麟Ace,3525.0
Eruion0,1153,奶牛关游戏社区,3075.0
青槐大大,2438,原神,3641.0
爱吃鸡的郝神,1614,虎牙烤羊腿,3513.0
改了名儿也像个水军,375,苏叶比荷叶好听,3158.0
陈塘关首富之妻,767,陈塘村银行首富,3447.0
Superboy_zxw,1982,周昕炜sama_,2875.0
不思者不语,119,A9VG,3217.0
好运爆棚女孩,376,小欣月儿521,3102.0
正月十五不圆吾宵,2603,麟禾麒然,3416.0
神秘绅士男,524,邝毅聪呵呵的笑了,3528.0
福伯顿先生,1136,任租客APP,3338.0
猴猴我啊想飞,178,冰晶lemon_YJ,2825.0
o唯爱V,1127,扣扣埃去,3179.0
别让昨天在泥巴里打滚,1084,桃酥子丶,3748.0
我好像重生啊啊啊,2580,得过且过的勇者,2867.0
不知名赌狗,2646,得过且过的勇者,2867.0
芫荽梗儿,576,香菜儿ChaneI,3686.0
-七星璨璨凝流光-,989,Nagiya15236,3403.0
三仙尼,1862,华为EMUI,3419.0
任天堂switch俱乐部,2198,乌恩先生,3514.0
山水情缘花,2026,地点呢f,3384.0
道士下山泡尼姑,2460,崩坏3,3473.0
gadabout,913,二蛋2333,2853.0
越来越可爱的Moe,2454,花泽香菜,2848.0
HOOD丶,1989,HOOD200309,3607.0
老用户之路,572,有你就有我28,3555.0
离涯眦,2436,南逃故里,3507.0
吃货千金妈妈,620,树先生8866,2827.0
落霞艳,614,任天堂法务部,3443.0
祁白白吖,1247,ovo暖暖,2998.0
麒星兔照,261,大新向上,3688.0
joy1959,1928,金中家运,3671.0
被子好冷,479,金中家运,3671.0
MicroBlog神奈,1528,江城成江,3576.0
佯嫚,1225,sunniton,3664.0
中华家的窝窝头,1244,猫子啊啊啊,3068.0
一只红中君丶,305,Sweet甜莓酱_,3290.0
土豆番茄糖三勺,822,天选之帅,3594.0
DIEE_HAHAHA,277,Lu君-HXSJ,3532.0
那无法触摸之人,2444,dsa4das4,3509.0
爱榭,732,杯小蓝_,3180.0
温暖atatagai,2113,暖心·相伴,2981.0
把记忆结成冰zz,114,中国移动10086,3079.0
桃小桃-Hestia,2582,Livelikeuredying,3352.0
uuuuundemo,828,阳春白雪攸瓷魃,3113.0
郝铁蛋er,695,宋宋Monkey,3778.0
-乔鲁诺乔巴拿拿-,1289,我想打哈欠-,3195.0
iJianyx,703,传说中de某人,3753.0
风花雪_越,1700,little石头儿,3426.0
LuvKy_zz,1598,LuvWz_yy,3564.0
复方晚公子,869,步月来兮缓缓归,3375.0
倾城恋怀,2262,任天堂香港有限公司,3042.0
Booker_Dewitt,1443,-上元姑娘_,3230.0
0天赋,1478,沫芜寒,3292.0
喝一壶老酒酒,2044,三月的风nh,3140.0
Alttaboo,2324,原神,3641.0
不爱发博王左军,166,不爱写字王右军,3174.0
一直都是贝极星的捏,982,shikari_,3047.0
墨色未白,1536,悠之海的羽之曲,3523.0
出生就在罗马,129,任天堂香港有限公司,3042.0
放逐的阿里萨,1705,绿光核桃,3341.0
不是曾老师,427,C_君-,3283.0
最近有点撩频,2463,原神,3641.0
减肥3000天,1147,仙逝___凯,3012.0
侧马尾拯救世界,1017,雷米Kawaii,3521.0
宇智波派大60573,2591,原神,3641.0
yeezzzzzzzzzz,1900,我的小小水,2813.0
奶油苹果派,2001,你好我是老瞿,3178.0
3dmun6Zfan,2009,带带大师兄,2917.0
kahwangtin,644,Amo丶柠,3598.0
ZoCoCo_CN,1393,任天堂香港有限公司,3042.0
焦糖海盐啊,2584,陈秘密和铲屎官的后花园,3347.0
貓與貓尋_inamin,315,怡云悠悠,3635.0
不可思尹_,187,Shine是晒晒,2971.0
想和你去冲浪,552,SHD老宣,3315.0
我对利姆露一心一意,1347,这里落下一颗星星,3699.0
你也不要太伤心了,546,Simple_Geometry,3524.0
尬舞倾城,2119,笨笨笂_彭博,2833.0
于苦酒,1837,绝灬月丶,3360.0
凪椰真栗,930,下雨天的啤酒和炸鸡[阴险][阴险][阴险],3052.0
空调还得17度,1241,贰两红茶,3472.0
久石淋,1802,任天堂香港有限公司,3042.0
Manta-lollipop,1156,曹-晴-,3631.0
羽毛herat,2713,Amber華re,3687.0
華Karin,1571,羽毛herat,2713.0
落兮陌爱晨,1057,今生和你一起走,3773.0
三十建构设计工作室,42,瑶十二_,2808.0
CLCL青,640,cosplay菱纱,3241.0
互联网我把握不住,597,牙小签签小牙牙牙,3120.0
湖工软件工程1802班团支部,2578,欢眠,1566.0
夕洛lin,1318,执着1108,3003.0
散落羽翼丿,90,任天堂香港有限公司,3042.0
38号关系不能控,2187,我来组成分子,2088.0
快门回溯这首歌很好听x,2159,陪你把梦做到最巅峰x,3248.0
给你一个滑稽,2251,神的游戏和你,3561.0
我来组成分子,2088,驯规捣矩,777.0
给你一个滑稽,2251,神的游戏和你,3561.0
哎嗨呦拽,432,我来组成分子,2088.0
盲目愚钝冷眼,936,庭院深深落几许,2878.0
Luciferbear,13,只为等待your,3754.0
Domiso武士,442,卡咩酱酱,2910.0
风波无痕6071444488,2107,心动豆鱼,3110.0
ChoiJsen,1106,贴心垫脚石,2850.0
wow_Yuah,1663,天工靛影,3637.0
Bade初,1083,Oliver-明,3741.0
zzzdvvvvvvvvvv,1390,兔玩游戏,3055.0
狼姬不是変態,933,V灬杰,823.0
strong_nn,453,Kayla_LY,2964.0
美丽玫瑰好好,1615,寶寶你是我的寶妞子,3668.0
浩轩Y_Y,979,trevor行云,2954.0
NeogrePrime,2028,杨金义点点,3504.0
小小酥CASTE,1605,往昔将至,2929.0
MR_YGL,258,____炳炳堅-TxT,3617.0
4K包子,10,月蛍,3386.0
哦呵呵呵呵呵呵呵呵呵哈,1951,原神,3641.0
inheritor0V523,2147,孤辰-藏海记,3210.0
inheritor0V523,2147,孤辰藏海记,2814.0
背着吉他的猫6,1322,鸽海成路,2901.0
Silence214ce,2433,阿诺Jacky,3250.0
昵晤,2414,斯人近彩虹,2873.0
好大的一块豆腐,262,BBOYPON,3331.0
南周333,799,shunshunls,2974.0
cc陌若晨曦,1774,乖乖小失蔚,3743.0
好的收到嗯嗯,393,浪玩堂,3296.0
南十字星MX,35,南宫之钰,3482.0
芋头夹有幸福,2571,像毛竹一样萌萌哒,3434.0
荒城之歌,1205,FANG--Fighting,3441.0
怪凉,2083,好梦不醒-,3569.0
Ning某,120,汪尕杏,2907.0
好名子都被别人起了,477,EasonZQX,3764.0
Tusmuto,56,漆个隆冬爱玩妞,3066.0
圆文奇,900,嘭麸麸,2955.0
菠萝AiMiya,975,快来Hold住哥,3506.0
在摩洛哥寻找乔治微微,2160,_小符同学,3263.0
WimJimLeung,292,freed德,2952.0
Eerikkk,1287,任天堂香港有限公司,3042.0
Tom同学哈哈哈,168,3DMGAME官方微博,3658.0
姓是水也啊,1728,你的vip客人,3724.0
老岳岳-,2140,考完ACCA再改名的Lu,2916.0
青橘子夕颜,2174,爱旅行的一抹浅笑,3312.0
29是不是十八,911,FIVEFING,2978.0
九十五是我,627,Aaaa486b,3105.0
朗伯定律,2102,maia濯清,3611.0
方山莫奈,1000,Fallouttgurls,3620.0
neko君,276,任天堂香港有限公司,3042.0
-AirJun-,1164,YunJ-,3291.0
暴躁三水喵喵喵,1677,鹤月PYue,3515.0
肉包猫-Gravity5,994,多才多艺的胖子灬回炉重练,3299.0
笑宝宝是个好姑娘,2706,一帆风顺我爱你100,3629.0
ScarDemon,1230,zommmbier,3763.0
优烈的小窝,1575,板烧千叶酱,3655.0
我爱宝宝呀2019,2704,笑宝宝是个好姑娘,2706.0
Catnip蔡大喵,821,Gawinds,2996.0
Mango_runruna869,2705,不死的八雲,249.0
__完形填空,2250,陈致逸,3757.0
一帆风顺我爱你2019,2703,不死的八雲,249.0
一气呵诚,921,任天堂香港有限公司,3042.0
千年梦寻客,588,阳神-eason,3199.0
镰舞死神,118,尤特娜英雄战记泪指轮传说,3245.0
来自榆次的白先生,2612,不死的八雲,249.0
凛_水无月,358,骑毛驴的小短腿,3684.0
子路我擦勒,483,喵叔连夜暴走,3318.0
true-lcy,275,能不能跪下来听我道歉,137.0
绝世好剑无双枪,1346,scua302017,2882.0
Bladerunner_07,430,-小捷捷,3391.0
老婆是包纸,613,莉莉丝逐风者,3496.0
V制式量产型萌新,1595,最爱张熠煊的琪姐,3171.0
作者笔落方休,2712,原神,3641.0
凉粱,391,_恍恍然,3547.0
丹田sama,1824,大王叫我来上班哟,3738.0
吐槽套,232,Baitiko,3286.0
关山月渡水载木,1077,校长伯伯再无理想,3071.0
驯规捣矩,777,哎嗨呦拽,432.0
騒乖可爱宝贝络,1876,游民星空,3584.0
我傻了丶真的,908,任天堂香港有限公司,3042.0
no-sleep-club,1642,李亚辉Zero_It_One,3760.0
UltraUHS,1155,18045362728a,3010.0
当当喜欢麦当当,2375,米哈游miHoYo,3399.0
全洲华love,619,桐生花兔永远爱鸭鸭,3097.0
天意城神童江瑜,1796,classic201210,3314.0
宅车,336,游研社,3155.0
阿塔尼斯的灵能利刃,2691,萌萌的小财哥丶,651.0
禹声魅夜,709,Acer宏碁,3500.0
禹声魅夜,709,aaaali_,3492.0
灬浩晖晖晖晖晖晖,456,古巴比伦的晚秋,2947.0
历史是黑暗的,1140,影娱圈扒姐,3491.0
qwegni,1440,月半23696,3039.0
only_5,40,游研社,3155.0
米丸miv,2175,Miss-Lagrange,2817.0
奥斯特洛夫斯渣,284,个索狗,3184.0
gakki之夫,1763,咕噜咕噜超超人,3327.0
长的老怪我喽,1806,已知喵,3606.0
废柴阿潜,478,九之犬,3243.0
_阿楠_,431,_小V__,3390.0
Superboy_zxw,1982,周昕炜sama_,2875.0
willuon,1662,横折-,2961.0
CeeoF,858,不沾酱鸡块,3309.0
灯若眠,1368,沫小汐_Nan,3428.0
碱性胶囊,1485,赤鸢仙人我没有说谎QAQ,3397.0
我可是会打响指的,2346,九点半的黑色,2926.0
碱性胶囊,1485,赤鸢仙人我没有说谎QAQ,3397.0
七夜菌绝赞社畜中,188,testlongyuan,3253.0
是听听阿,526,借口与谦辞,3750.0
糊涂玖,2231,消失之前97,2865.0
333Repeat,144,守护舒宝,3288.0
仙霞派代表,402,一步童鞋表示不太淡定,3503.0
丿丶面,414,NoknowingX,3165.0
猫喜欢布丽吉塔,1775,drbkw012,2887.0
落秋禾杊,396,九歌荔枝,3383.0
葬剑亡谷,2622,查看图片,3164.0
iAu-Huu,820,抹茶薄荷鹿,3040.0
骆尽晚与舟,568,北冥从云,2921.0
大头_红警13,494,不是毒奶色我是专业解说黄旭东,3733.0
CyyyyyC233,493,奇奇mttt,1749.0
碱性胶囊,1485,赤鸢仙人我没有说谎QAQ,3397.0
一绪临,961,任天堂香港有限公司,3042.0
佑佑佑佑思远,574,宫羽Hoey,3019.0
Oscar有了奥斯卡,235,你好我是草莓仙子,3086.0
某中二小鹿不吃葱喵喵,248,今年就叫我隻狼吧,3537.0
uwu老大哥,857,A9VG,3217.0
十余百里,800,任天堂,3370.0
桂陵君,459,白给少年又把自己秀了,2844.0
疯人印象,673,Gray灰鸦,3501.0
黎明安好,940,魔法师蛋小丁,3262.0
上天入地大头怪,791,鱼酋长汝此兴奋,2847.0
花落潮鸣,377,更远的南,2980.0
SG-KFC,1015,永存的黑暗,3717.0
HIROsss,2315,昵称已被占用ljy,3256.0
leonhavenohands,1445,不爱哭女生,3095.0
寸心澈水寒,1551,然而二二只想每天都吃肉,3608.0
SCP破孩,533,-梓澄-,3267.0
LWJ_7_LBJ,681,冷淡到冇人有嘅陈生,2918.0
奇奇mttt,1749,CyyyyyC233,493.0
湛宫_Mmdpue,2586,Pei_world,2895.0
幽媾丶往生,909,张更武,3258.0
小徐摸鱼中,544,可以喝的旺仔牛奶,3548.0
小牛腩_,236,Scorpio_陶,2920.0
粉虹小甜甜,2356,黑鲨游戏手机,3673.0
栗山未来厨,371,言·汐月·Kuriyama·Mirai,2891.0
隔热如图2050,2700,原神,3641.0
赤黑零,699,八阔平川,3751.0
野良良良猫,2213,跑的飞快的HK记者,2986.0
猎默人,2498,齐姜SnowZ,2883.0
show囧囧,1114,極ws丶振,2838.0
佛系月宅,1726,家里没有矿有炕,3745.0
佛系月宅,1726,家里没有矿有炕,3745.0
我可是会打响指的,2346,是你的晴嘛,2908.0
我可是会打响指的,2346,sj戴着眼镜穿球鞋,3459.0
我可是会打响指的,2346,崩坏3,3473.0
PakerANd,1966,原神,3641.0
心之所向人之所行,968,勿心随心,898.0
小白是腹黑三,1253,IWILLBETHERE0206,3320.0
勿心随心,898,心之所向人之所行,968.0
鲜肉腊八饭,420,终焉斩鬼Gear丶,2868.0
絢瀨繪里里,816,某科学的cc君,3595.0
天都幽兰,2294,RDQAQ,3078.0
真王国之心,948,ciciqiqi,3087.0
Wu_S_Jie,1720,任天堂香港有限公司,3042.0
不死的八雲,249,笑宝宝是个好姑娘,2706.0
Envy冫,1843,原神,3641.0
藏剑山庄许愿池,1471,小不点的幸福生活01,3455.0
哀虎菌,1482,Lingdongleidou,3294.0
多幸运在这里,1405,大狗不是狗呀,3444.0
此世魅影,1537,CG插画控,3490.0
周笑穿,452,南城三里,3137.0
bozi_Wong,149,o0璇璇0o,3463.0
V灬杰,823,狼姬不是変態,933.0
脸俊菌,578,大脸的小辫儿,3053.0
Crazykara,1124,山主-Y,3027.0
别烦我在抢饭,1524,智齿魚·,2930.0
蓝色格zi,66,冰团咩-懒癌弃治修仙了,3337.0
口袋小胖,647,红烧麻辣烫,3707.0
手办狂魔嬴政等身赛高,1943,Ccdiao,3268.0
骂人兔兔成大V,1465,我斑某人啊,3287.0
信号发射biu,811,我不想再脱发啦,3761.0
yinglianqiang,342,魔都长阳路小霸王,3665.0
行走不回头,504,boddy_dell,2884.0
愚笨海豚IRUKA,2365,伪善的屑,3469.0
顾忌_Vino,959,-甫九-,3512.0
_SCarLetII,82,塔巴沟,3063.0
WatabeKageki,1033,十点五十二,3410.0
c不吃夜宵,383,小商今天减肥了吗,3305.0
馀妍,24,药星sama,2861.0
Darius木易三页,220,我是傲娇的小姑娘,3511.0
蔷薇真是rose,423,木木的头,3690.0
阿育的土豆粉,1565,崩坏3,3473.0
Pillow_bat,1486,Shadow-201201,3779.0
八雲雲_,1392,我就叫紫妈怎么惹,3122.0
Mr小輝,142,微博钱包,2992.0
_真夏夜夜_,631,复方晚公子,869.0
以后再看海ba,1239,0平幸0,3289.0
苏谛斯厨,1113,任天堂香港有限公司,3042.0
能不能跪下来听我道歉,137,Arthassslee,3214.0
时间拉津斯基,2602,洛奇Mabinogi,3141.0
尘归尘封,1419,原神,3641.0
丶初璃丶,1844,Fooooooooo星,3400.0
神奇霸王炮竹,516,巴里贝贝爱吃菇菇,3098.0
红玉胤紫,98,我可能养了五只猫,3705.0
无力小海浪,594,Jeffsing的雨儿,3121.0
第一个号被云吞了,2560,小六的妙脆角,3625.0
屎迪G,286,开始自闭的九啾,3192.0
饼玉玉,353,饼玉玉,353.0
Vivi___ZHOU要好好读书,450,不爽貓先森,3316.0
猫咪爱吃鱼嗯啊,1563,任天堂香港有限公司,3042.0
姜桃的杂货铺,1308,范洪没了宇,3589.0
鸥叽叽叽,1510,原神,3641.0
今夕ssss,1710,二小一木川,2975.0
菜刀温暖V5,244,a_2238278771,3014.0
水煮牛肉鱼片,1360,刘伟ID,2809.0
八戒独爱美人,2564,新手指南,3619.0
千夏丶凉惠,1683,夜樱丶空,3011.0
告I别I微I博I,1068,pikachu就是皮卡丘,3670.0
一切尽在计算之中,2688,Mr_唯心而已,2840.0
顶头有神罩,1085,动机要纯洁,3646.0
门前大桥下游过一群唐老鸭,523,是张小莫吖,3721.0
Alery若梦梦,482,GEKiSUMi,2893.0
峰林地貌leon,1994,Piusd,3008.0
我今天学吉他画画日语Coding了吗,836,不要叫我温蒂,3325.0
拿俩火烧,563,nlhsmkt_399,3729.0
anty神,845,谦谦俊子丶,3005.0
银八酱的坏笑,1628,茶几动漫社,2940.0
言葉_sakura,1023,钰不是玉米的玉,3188.0
thewonder,110,MO姐MO姐,2969.0
qwqwq6084399922,2120,iPlay爱流行频道,2925.0
-烔妖-,996,交流障碍的无用废宅,3726.0
阿汛吗,122,柚_梓,3196.0
把记忆结成冰zz,114,爱奇艺游戏,3194.0
薛定谔的摸鱼佬,2577,任天堂香港有限公司,3042.0
Askalon233,1764,Denessa233,2854.0
毛毛熊abc,60,任天堂香港有限公司,3042.0
mohadu,553,软国1504杜一帆,3487.0
最猪儿,96,卢诗翰,2985.0
毛毛熊abc,60,任天堂香港有限公司,3042.0
咯烙珞络骆洛丽塔,1678,东tori,3573.0
BZyaaa,1233,本子呀不谈,3278.0
与名为现实的怪物战斗的L,1712,Ra1nbowKk,3356.0
胡同酱肉,465,天天都爱吃西瓜,3092.0
迷花物语X,2443,油兔音乐,439.0
与名为现实的怪物战斗的L,1712,沉沦的漫漫漫迷,3218.0
油兔音乐,439,迷花物语X,2443.0
忠叔叔丶,1619,安娴mm,3339.0
黑青城鵺,1665,有花纹的雲_,3534.0
大仪最英俊,1236,知米背单词,3478.0
大仪最英俊,1236,原神,3641.0
Julian_璟,1098,kelokeloo,3349.0
胡开心zz,1449,Nicetomeetyou10年老友,2815.0
在看什么阿,1014,当个混子,3298.0
只活到二零二零年十二月三十一日,2499,无脑科学家,2841.0
ethel_rabbit,914,任天堂香港有限公司,3042.0
W-21-End,1352,任天堂香港有限公司,3042.0
SiufayK,541,鹏鹏Jepson,2892.0
萌纸,466,不明所以的理智子,2872.0
金属古菌,2270,西奥多为此,3587.0
丨汉化丨,1076,青空花间释,3334.0
见猪师,398,没有什么能比晓宇更棒了,3756.0
丨Sternen丨,141,苦逼薩哥,3744.0
旅行中的白羊,1185,栏外梨花,3711.0
蒸汽溺亡,1004,你说我的牛粪头怎么了,3136.0
JHL_Dedicated,999,普莱米亚姆,3781.0
盛夏的野兽_,97,KafkaOnTheShoreee,3038.0
Khalil-Young,712,Murmurma,3712.0
刚好被讨厌的香辣酱,2047,我没有微博好友[允悲],3107.0
鱼人船,2123,任天堂香港有限公司,3042.0
胡莱的右手,1333,原神,3641.0
养猫少年-阿晨,101,任天堂香港有限公司,3042.0
玖叶有夜酒,611,_Hiutong,3127.0
嗜血重矛,2277,米哈游miHoYo,3399.0
离马路,2077,新手指南,3619.0
忧观眼下,729,维稳先锋卡菊轮,3630.0
Chen_Sn,340,牧云流觞,2967.0
懈怠DI猫_远征封港ing,1075,舰R宿舍bot,3167.0
璎珞萌萝Magenta-长期疯癫中,1213,含C的Fe,3198.0
ShadowMurlong,71,何焱煜天天天天天努力练腹肌,3612.0
Lineisbusy,2269,如阿扑川-阿川,2983.0
潇潇雪_,2614,_君莫愁丶,3170.0
一吉desu,153,sheety,3417.0
十七号HOAP,1094,才不是路痴呢,2855.0
_楪_,204,高云大大,3450.0
_大大大大大柚子_,1302,柚子酱夫,3148.0
恍光,306,鼬推,3605.0
万叶飞花流丶,1527,一只diamond猴,3571.0
牛批熊,1672,任天堂,3370.0
让我化身锦鲤叭,1384,岛田麋鹿君,3440.0
誓约胜利之王,91,崔凯的BLOG,3414.0
Jx188170708,2256,ACRTEST,3351.0
失眠折磨王,1853,崂山道士长,3425.0
秋刀青花鱼,2158,F号画手,2863.0
这幸运的一年,1008,魂迹人生JY,3759.0
亜空間遊泳,105,任天堂香港有限公司,3042.0
今天逗逗光烙印了吗,2362,小恶灵爱养乐多,3730.0
EGWilson,1777,AzureSongs,2923.0
被宽恕的菜狗,1997,请你把我扶住,3602.0
在下葉孤城,1326,自然卷丶zzz,3329.0
紫菜包饭a_,1674,嗷傲敖獒熬廒,3025.0
江沢喵子,1070,FGOWIKI,3467.0
啊啵呲嘚叽嘁嘻,2025,省钱微联盟,3380.0
黑疯佬先生,1421,CGH的欢子,3007.0
冰皮酥,2239,小梨涡ovo,3654.0
哇咔咔11647,2710,原神,3641.0
臭瓜12136,1328,闇墮型七月,3059.0
我家小鼠在屯粮,1118,三千凤华,3682.0
啊咧可以改名字,636,布丁娘,3775.0
天天向上也要天天开心,2072,猜猜我又几颗糖,3123.0
_Fus_s,1987,任天堂香港有限公司,3042.0
ChinaEX123,1038,阿卡TAROT,2962.0
暂时冧唔到冧到话你知,175,国产小丸子,3590.0
moeaya,205,yurikite,3156.0
寒尽减衣,1798,Yluth,2935.0
江苟之Djangoss,840,金皮卡灬閃閃,3565.0
223星人63546,2301,崩坏3,3473.0
Jessie是条女汉纸,2605,暂时冧唔到冧到话你知,175.0
我再也不氪了,2672,音波酱拌饭,2957.0
口吐芬芳芬芳侠,1800,郑合惠子,3016.0
AMG爱无缓存SONY,923,爱吃两块一素粉的小哥哥,3026.0
B站-miku桑,2091,原神,3641.0
狂乱贵公子,88,醉眼看人贱,3037.0
lihua不会写作文,436,marvin_1,2900.0
等等还想再等一等,1066,第三方的撒多少,2835.0
逆风期多赚少花-aP,45,AMG爱无缓存SONY,923.0
50还没到,2212,喝茶的汉堡,3542.0
果茶woye,76,任天堂香港有限公司,3042.0
福尔摩斯爱摸鱼,797,莜莜柚子,3732.0
V29822,1434,蓝宝科技官方微博,3346.0
就想安安静静玩单机,1009,Eririrrrrr,3593.0
枳酒星沉,1980,不会取名真是抱歉啦,2941.0
大杜老师15,347,哈哈普拉图,3742.0
ksqc_,438,River瑞_,3529.0
三汪i,685,疏星流云皆知,3541.0
GZrea丨,2154,这只是一个废物[吃瓜],2943.0
撕了一个葱,2317,独爱的小妖,3021.0
振Bryant,1379,脸很白的,3531.0
EverRays_,300,暴娇小王子,3387.0
手握一只小秋,1131,糟糕lqqqqqqq,3103.0
铭骨以终身,1826,居然居居,3372.0
墨妖喵,690,任天堂香港有限公司,3042.0
风暴击倒树,1558,超鬼的,3143.0
美录坦,1761,蒙面超人任天狗,3421.0
入箱庭,2620,悼溪瞳,3494.0
一袋米要抗几楼1袋米要抗2楼,2287,我知道我多余丶,3422.0
FatMan_久,77,悠闲胖子,2939.0
凤凰院凶奔,1032,狂战小子LV,3435.0
黄金鲤鱼王_magicarp,241,Gracias__a,2880.0
_秋天的童话-,2290,米米米立粒,2824.0
_秋天的童话-,2290,米米米立粒,2824.0
耀夜姬sama,2112,崩坏3,3473.0
微笑与暖风,410,Silent丶风云,3236.0
Allen-Z,132,我也长点儿心吧,3522.0
控制想控制情绪的情绪,806,_Soboring,3581.0
Regis_,1523,任天堂香港有限公司,3042.0
suika930224,1698,胖胖哥哥怪蜀黍,3483.0
FellowHig,1011,Alis叮叮铛儿,3433.0
废萌GhoRab,2417,沉迷美琴,3273.0
kerorodororo,1007,_大大大大大柚子_,1302.0
kirasaya,20,四时唯我,3727.0
仓鼠王DYX,2010,这妹子好漂亮,3462.0
孤独地行走着,1920,请叫我优雅的白夫人,3603.0
鱼蛋欧巴,683,窮到無人要,3240.0
肥对行,324,crufbr3eeccrcucn,3369.0
魔法少女露米娅,649,恋恋酱,3191.0
HaaiHaaiHaai,121,HellonmbdKity,3382.0
l昵称不可用lll,2291,_楊小姐希齐宏,2820.0
让你看到肥宅我很抱歉,2224,基廉列科630,3685.0
v支架v,1045,正规好奶大淀,3308.0
阿华甜z,1493,微偷LZT,3616.0
忍者神龟Jackson,704,番番番小小茄,2828.0
朝丝而雪飘,1835,丘ballboom你妹,3579.0
一夜镜秋,854,FinnVinnet,3374.0
陳陈陈C__,449,anananan帮,2818.0
逍遥过去了,1488,小杰00093,3304.0
楚云深不知处,641,一只北辰辰_,3736.0
英灵丘比,413,MIUI,3599.0
萝莉控的wd,598,崩坏3,3473.0
四季天迟,1785,佳乐楽樂,3484.0
猪吃海参,2228,noomenuJ,3080.0
入魔轻风,1104,信小呆,2894.0
寒风雨微,621,华为EMUI,3419.0
馬将军1989,146,姬品,3002.0
只是link,1280,似嘲似笑丶似疯似闹,3719.0
Alleri_,1248,不见了什么的不见猫,3485.0
破旧的时光机,202,ii阿东啊ii,3689.0
犀利铜锣烧y,1444,默默RAPG,3335.0
不再是用户的用户哦,1037,KKPinori,3359.0
里川糖,2188,任天堂香港有限公司,3042.0
绯色灼眼,12,明日方舟Arknights,3321.0
比企谷阿华,1303,夭夭君ww,3054.0
薛定谔的邻居家的猫,346,笛大胖,2966.0
D罗l,2288,落雁49944,3112.0
童路Cy,720,-系九,3216.0
科学搜查,899,剑桥书生,3429.0
vivi去何方,271,不知名的男路人,3554.0
Eeeekai,1481,取个名字贼瓜皮难,3108.0
誊朔980,754,咯噔胖次,1387.0
oo筋斗云,2050,孤鹰0828,3197.0
弑殇童话,1391,风舞雨寄,3678.0
AlanWalk,218,起床失败3次,3173.0
从前有只咩萝poi,474,mimihuhukk,3147.0
风火少侠,1544,轩子巨2兔,3159.0
彦翎千筑,1815,陈致逸,3757.0
小猪君JoysonChu,2070,stew千千阙歌xxhw,3202.0
灬悠夏曲,1315,一根筋的菇凉,3456.0
VVVAz,1078,任天堂香港有限公司,3042.0
大眼贼让我说话天塌不了,447,xypuuenng,3125.0
珍德食伱鸭,1646,Misaya若风,3279.0
珍德食伱鸭,1646,虎牙楚河,2830.0
珍德食伱鸭,1646,丶Victory灬,3093.0
kaer47,1496,妖正村长,3297.0
背靠世界的中二鱼,1003,L丶Sakuya,3000.0
收音机今天关机了吗,1374,Ashlor,3489.0
锦鲤本尊就在这里Koi,1466,pineapple木樨,3221.0
理想未三旬,513,奔向春天的蟹黄包,3449.0
Allshit,670,随风lyn_312,3546.0
Axier97,1220,the52Hz_whale,3698.0
PilotDog,1939,败子白歌,3379.0
凝调,1325,G弦篱下,2896.0
OK禁烟OK,2575,砧板13,3604.0
XiaoChoubbb,415,2青年尐阿呆,3357.0
疯狂的小木人,405,EML夕文,3713.0
今天还想更加努力,786,奥木染的乌鸦,2936.0
明归德,1984,任天堂香港有限公司,3042.0
Cayde_7,1275,济医老锤石,3618.0
爹回吼毁,2515,qscdxez,3626.0
咯噔胖次,1387,誊朔980,754.0
小happy点,440,TedChan泰迪,3022.0
薯条君不吃鱼,1154,_郭随便_,3276.0
执笔丶永恒58271,2709,米哈游miHoYo,3399.0
幸运的血玫瑰男爵,1896,Mr_陈家铧_924_106,3227.0
老林今天不想加班,912,Guwren,3674.0
黑暗福音,180,有顶天的天人少女,3424.0
AkiAka666,314,Centity,876.0
银八酱的坏笑,1628,茶几动漫社,2940.0
风的彼端是云吗,960,bibibi5257,2914.0
Ataraxia平安喜樂,1447,x不u爱a最爱n,3530.0
十六夜幕,1082,崩坏3,3473.0
乐乐君丶,1978,半瓶神仙醋zql,3209.0
给我醒过来啊,617,Bronya浮在空中,3389.0
游离在边缘2016,787,沙丁鱼罐头咚咚咚,3439.0
叫柒沐啦,1532,劾猫,3266.0
干一碗南瓜粥,1059,白头吟12138,2988.0
天涯雪霁时,917,一位瓜皮网友,3519.0
77我是一根葱,759,镇早荐琥珀主,3566.0
假装路过灬暗中观察,2307,原神,3641.0
Funnymiaomiao,1760,怜兮Rency,3477.0
Bujinnko,599,Arne晓暮,3083.0
雪景Mask,878,原神,3641.0
明将会是怎样,1251,雁飞遐云,3096.0
李四一个大笨蛋,918,张曜聪,2807.0
野生的舰队指挥官,1452,萧梦楼_天狼星改造完了好强啊,3115.0
不冷也不热的HUI,1494,白露的冰糖,2897.0
清池-旧梦,2141,原神,3641.0
林克sama,1366,幻想HITMAN,2845.0
超级小康天下无敌,2117,崩坏3,3473.0
虾乐B1996,462,方方_Cuckoo,3461.0
用户不存在ii,919,剑客某,2806.0
爾東_CC,1403,知任CHS,3499.0
吥許熬夜变成cj惹不起勒,895,夜语玖天,2822.0
Ars-凛,1670,KiiLiie力力力,3586.0
Yoennsei,809,中国BOY-Hans,2832.0
廖力康,2018,睡不醒的知了,3540.0
丁悦律师,59,gina又改名字啦,3129.0
图茶鲸鱼,702,C一菌,3272.0
X-POINT,547,hjm311,3366.0
包酱豆腐去葱,1868,鹿小晰冲鸭,3596.0
遗忘视界OBW,602,E-clair,3134.0
冬狮笑频,565,玩屁屎,3117.0
一直用塞班不会玩安卓,418,__MoonLighT,3324.0
亚拉里亚拉亚拉熊,191,奈梨NALI,3085.0
塞拉门尼斯儿,881,PRPR缥缈不坏,2989.0
每曰游戏,2153,彩虹六号,3765.0
OG的狐狸头,868,Zz喜东东,3116.0
一点风吹草动____,309,wistrey,3126.0
神山神海,1873,yhfh201409,3277.0
每曰游戏,2153,卢本伟_55开,3224.0
灰如月岩,725,彳亍人,3244.0
南猫猫猫猫猫猫猫猫,1108,伊泽探险,3225.0
GhostSAMURAI,608,不小心中了Debuff,3543.0
蓝发赤瞳绫波厨,2381,刺猿生物研究所,3739.0
黄小景啊,1089,闻云深,3559.0
赤与蓝之神,270,-墨秋白-,2984.0
天缘skylove,150,北瓜叔叔,3436.0
夜色依然在,1382,阁酱悠长,2911.0
水饺码头,72,是华威啊_,3260.0
难自弃的王大脸,656,脸俊菌,578.0
Aloysius_牟,223,阔落来一打,3553.0
2言言吖icon,1573,宴小宁,3536.0
蔚蓝黑兔,1252,sldp52,3452.0
一定是假号,924,米哈游miHoYo,3399.0
爱泡芙的透明酱,1734,薄荷与尼罗河,2938.0
人类比喵还要愚蠢,691,RX93-企鹅型,3676.0
F1fte3novo,2020,电竞大神,3226.0
CD7S,1055,桐川谷歌是最棒的,3056.0
大树彼,610,WingkitLaw,3302.0
舵主先生风华正茂,2002,原神,3641.0
欢眠,1566,loli树,3427.0
霖岚夜色nice,1972,鹤九书,3354.0
云莫宇,1600,会说话的玉米棒子,3402.0
薪火鹏,0,不是槿夏的阳药,3081.0
-_-Sebastian,945,超小只陈婧婧,2819.0
Ant1m0ny,123,Sp0tLessx丶,3067.0
Ant1m0ny,123,Sp0tLessx丶,3067.0
千变万夏丶,1404,崩坏3,3473.0
梦醒默离,1725,Super也好君,3613.0
金木你胖次掉了,1880,长安司剑,2950.0
喵喵鱼干君,2467,小小的狮子z,3642.0
vensli,87,亮崽儿丶,3408.0
不尽少年心,630,昵称太帅如何与人相处,3017.0
麻将真有趣,1034,空间与维度,3715.0
咲奈心,1829,hianghokung,3749.0
枝楠,434,Amber喵喵喵_,3146.0
唯yuan有小爆脾气,29,大保天天贱,3089.0
Lagann-,963,Penny时墨,2959.0
暂约的记忆,549,噗噗鸡整天叽叽叽,2885.0
Kotori_Minami丶,1053,世魔辉魔,3187.0
朝夜的光,2134,崩坏3,3473.0
寒天黑糖,320,半透明黑桶,2810.0
半透明黑桶,2810,寒天黑糖,320.0
津上翔一_厨,744,命運电玩打工仔,2997.0
泉此方Konata,228,ZZZzhengbin,3465.0
Mushroom扯,2524,殇冰凕玥,3100.0
盲点发现了花生,2592,任天堂香港有限公司,3042.0
傲娇的大尾巴玥,663,颜赫_雪飘,3088.0
依然BB旺,1474,PERMANENT-cairns,3663.0
就不能全英文吗CS,363,锐鸡儿,3030.0
饭岛靖贵-,481,村崎和歌子,2913.0
孤城慎独,1283,原神,3641.0
吮指原,154,看花人犹在,710.0
海拉鲁死鱼,68,Sunshine丿柒,3152.0
喜欢吃番茄炒蛋丶,2006,耿直的大凯锅,3072.0
平淡打工仔,632,影驻船行,3570.0
Rasavatam,1291,taku园,3438.0
凌晨一点改微博名,155,那就叫大叔酱吧,3734.0
青羽凝华_,2485,米哈游miHoYo,3399.0
爱茵最可爱,1907,崩坏3,3473.0
Linca0v0,1772,成头,3394.0
看花人犹在,710,吮指原,154.0
云落木,652,红衣天使的行动纲领,3407.0
园长阿刘,525,下午辞职绿老师,3551.0
云养喵专业户,230,怠惰的晓,3716.0
德不不不奶,2085,Re莫德雷德厨_,3109.0
天使爱吃麻婆豆腐,790,璟也想成为物理学家,3004.0
肿肿,1604,无情女人,3709.0
狗狗是小腿子还是九九更是肘肘,152,肘肘是九九还是小腿子更是狗狗,2902.0
亚洲善待人类组织,686,腾讯动漫,3264.0
羽生三未,2504,小叻ROKA,451.0
喵星驻球办发言人,888,根本补不完国誉自我的Jaspers,2874.0
阿圆圆崽,2557,让我永远是少年,3693.0
喵诗人nya,1906,腾讯NintendoSwitch,3185.0
leroy2222222222,2747,芒种Quarz,3328.0
咕咕咕19315,2740,芒种Quarz,3328.0
我酱的西,625,Tinasecret,2834.0
剪不动了,171,今晚吃什么宵夜呢,3640.0
恵飛須沢,2655,Deawor熊猫,3645.0
诹访神子,1021,黒羽燐音,3099.0
夜雨琴川,637,爱狗的圆圆,3423.0
伪装成锦鲤的咸鱼77664,2638,任天堂香港有限公司,3042.0
一份糖炒栗栗子,484,废物点心阿饼,3464.0
碱性胶囊,1485,赤鸢仙人我没有说谎QAQ,3397.0
碱性胶囊,1485,赤鸢仙人我没有说谎QAQ,3397.0
天上天下天地无双喵,1893,任天堂香港有限公司,3042.0
步尘烟今天吃好吃的了吗,500,折花绯雪,2945.0
黑猫儿___,661,Crazykara,1124.0
Sevemile,287,luolucky29,3740.0
本壹,2500,三根三毛,3706.0
不想做梦的阴影,970,开心肥宅派大星,3557.0
Tyonosuke,2303,不吃生肉也不重名,3234.0
菠萝198608,2702,error1980,1383.0
吾乃是中二病患者_369,1428,独孤剑萧萧,3270.0
A大调的华尔兹,1581,Rusi_,3151.0
yukin725,730,Rioshady,3154.0
ReIKiTsuNeNeGi,200,云玩家FlameBeam,2856.0
倾城恋怀,2262,任天堂香港有限公司,3042.0
Mmmm傻呀,1731,AI娘爱酱,3076.0
原神忠粉,2170,微博抽奖平台,1602.0
Pancras_Loe盧鵬州,2477,腾讯公司,3442.0
moyorl,1279,任天堂switch情报小站,3552.0
起风了alive,1177,子木丶,2877.0
兔喵酱的幻想,757,五河小海,2859.0
胡莱的右手,1333,毅-MinSod,3206.0
胡同酱肉,465,天天都爱吃西瓜,3092.0
双山之后花园,2685,最新锦鲤,3413.0
神33040,1441,原神,3641.0
狭缝中的光芒,2563,胡图图糊涂不芔圖,3731.0
注销990011232,392,懒癌晚期重病者,3228.0
不抽烟CHIRS,772,微博抽奖平台,1602.0
啊烽烽烽,932,付万点,2876.0
白米饭叔叔,1770,DeicideFly,3049.0
我什么时候能遇到心软的财神爷,2383,佛系锦鲤汪_Diamond,3348.0
劳拉Candy糖糖,2214,Highfashion015,2864.0
神烦g916,2061,索尼中国,3648.0
娱乐用万能天使,1442,零一灵依泠,1786.0
-夫_子-,167,原神,3641.0
无世玉,2708,原神,3641.0
福伯顿先生,1136,奥凯航空,3636.0
减肥3000天,1147,血色樱祭,3043.0
宇智波派大60573,2591,过了，你看着办吧[允悲],3050.0
ChoiJsen,1106,Q丶秦zc,3033.0
小小酥CASTE,1605,手机保修卡,3031.0
哦呵呵呵呵呵呵呵呵呵哈,1951,SINoALICE死亡爱丽丝资讯情报,3018.0
镰舞死神,118,加贺昭三,3453.0
V制式量产型萌新,1595,ai微lan,3418.0
作者笔落方休,2712,夜悠月作者号,3396.0
阿塔尼斯的灵能利刃,2691,hzl9y,3558.0
奥斯特洛夫斯渣,284,果汁_斯卡雷特,2993.0
CeeoF,858,Bendy-dick-Cum-on-my-baps,3457.0
丿丶面,414,一脸温柔的变态,2965.0
Oscar有了奥斯卡,235,原神,3641.0
隔热如图2050,2700,初号健,3481.0
PakerANd,1966,琪儿属于我,3326.0
Envy冫,1843,陈致逸,3757.0
丨汉化丨,1076,PS4俱乐部,2903.0
胡莱的右手,1333,毅-MinSod,3206.0
_楪_,204,宫吧Hentai,3445.0
臭瓜12136,1328,萌萌的暗夜菌,3235.0
Jessie是条女汉纸,2605,鱼毛163,3539.0
大杜老师15,347,我是一颗没有感情的汤圆,3502.0
Allen-Z,132,原神,3641.0
v支架v,1045,浓密的提督又被帅醒,3697.0
理想未三旬,513,物种灭绝小能手,3771.0
幸运的血玫瑰男爵,1896,神座出流_,3077.0
77我是一根葱,759,貓貓躲丸子,3051.0
野生的舰队指挥官,1452,夜空的六等星,3205.0
清池-旧梦,2141,鱼干女也,2909.0
天缘skylove,150,白金-PT,2995.0
Aloysius_牟,223,Simplane,3028.0
就不能全英文吗CS,363,QuickArtsBuster,3350.0
亚洲善待人类组织,686,腾讯游戏,3090.0
一份糖炒栗栗子,484,木娄水青,3549.0
本壹,2500,世界仰天,3223.0
Pancras_Loe盧鵬州,2477,腾讯游戏,3090.0
moyorl,1279,GAMKER攻壳,3488.0
起风了alive,1177,萤_137,2987.0
不抽烟CHIRS,772,kevenhu,3666.0
我什么时候能遇到心软的财神爷,2383,AllureLove锦鲤,2888.0
劳拉Candy糖糖,2214,看到尽头以前就一起走吧,3058.0
福伯顿先生,1136,安蕾尔,3575.0
天缘skylove,150,彬力十足1021,3475.0
亚洲善待人类组织,686,网易游戏,3252.0
本壹,2500,上仙数珠,3610.0
Pancras_Loe盧鵬州,2477,腾讯电竞,3345.0
本壹,2500,拉不拉奇,3284.0
本壹,2500,_啊翔翔翔翔翔,3691.0
本壹,2500,NormanFuckingRockwell,3211.0
本壹,2500,SpaceyCowboy,3661.0
